Date,Quantity
9/15/2010,1
9/16/2010,1
9/17/2010,9
9/18/2010,0.01
9/19/2010,11
9/20/2010,238
9/21/2010,335
9/22/2010,406
9/23/2010,380
9/24/2010,370
9/25/2010,555
9/26/2010,547
9/27/2010,292
9/28/2010,422
9/29/2010,455
9/30/2010,165
10/1/2010,589
10/2/2010,858
10/3/2010,516
10/4/2010,336
10/5/2010,636
10/6/2010,689
10/7/2010,889
10/8/2010,952
10/9/2010,1132
10/10/2010,1114
10/11/2010,985
10/12/2010,1096
10/13/2010,1140
10/14/2010,583
10/15/2010,1156
10/16/2010,1402
10/17/2010,1354
10/18/2010,1151
10/19/2010,1159
10/20/2010,1156
10/21/2010,1349
10/22/2010,1393
10/23/2010,1726
10/24/2010,1575
10/25/2010,1352
10/26/2010,1572
10/27/2010,1047
10/28/2010,1714
10/29/2010,1681
10/30/2010,2342
10/31/2010,1978
11/1/2010,1474
11/2/2010,1422
11/3/2010,1507
11/4/2010,602
11/5/2010,1880
11/6/2010,1845
11/7/2010,1442
11/8/2010,1623
11/9/2010,1964
11/10/2010,2075
11/11/2010,2087
11/12/2010,2059
11/13/2010,2300
11/14/2010,2039
11/15/2010,1757
11/16/2010,783
11/17/2010,1948
11/18/2010,1881
11/19/2010,1981
11/20/2010,2386
11/21/2010,1777
11/22/2010,1927
11/23/2010,1789
11/24/2010,1513
11/25/2010,569
11/26/2010,792
11/27/2010,952
11/28/2010,958
11/29/2010,1508
11/30/2010,1277
12/1/2010,991
12/2/2010,1486
12/3/2010,1609
12/4/2010,1222
12/5/2010,1019
12/6/2010,1194
12/7/2010,1096
12/8/2010,1152
12/9/2010,1296
12/10/2010,1307
12/11/2010,1154
12/12/2010,428
12/13/2010,1051
12/14/2010,859
12/15/2010,1062
12/16/2010,678
12/17/2010,873
12/18/2010,846
12/19/2010,814
12/20/2010,1046
12/21/2010,1061
12/22/2010,1112
12/23/2010,747
12/24/2010,352
12/25/2010,191
12/26/2010,92
12/27/2010,308
12/28/2010,705
12/29/2010,946
12/30/2010,1121
12/31/2010,948
1/1/2011,984
1/2/2011,800
1/3/2011,1347
1/4/2011,1561
1/5/2011,1597
1/6/2011,1603
1/7/2011,1506
1/8/2011,959
1/9/2011,821
1/10/2011,1319
1/11/2011,1260
1/12/2011,1159
1/13/2011,1399
1/14/2011,1418
1/15/2011,1248
1/16/2011,1204
1/17/2011,1000
1/18/2011,680
1/19/2011,1649
1/20/2011,1915
1/21/2011,1537
1/22/2011,981
1/23/2011,986
1/24/2011,1414
1/25/2011,1982
1/26/2011,503
1/27/2011,430
1/28/2011,1165
1/29/2011,1097
1/30/2011,1093
1/31/2011,1501
2/1/2011,1360
2/2/2011,1524
2/3/2011,1545
2/4/2011,1705
2/5/2011,1005
2/6/2011,1620
2/7/2011,1706
2/8/2011,1524
2/9/2011,1597
2/10/2011,1534
2/11/2011,1739
2/12/2011,1471
2/13/2011,1589
2/14/2011,1906
2/15/2011,1808
2/16/2011,2108
2/17/2011,2469
2/18/2011,2922
2/19/2011,1634
2/20/2011,1812
2/21/2011,1105
2/22/2011,1441
2/23/2011,1908
2/24/2011,1801
2/25/2011,1454
2/26/2011,1968
2/27/2011,2401
2/28/2011,1439
3/1/2011,1843
3/2/2011,2127
3/3/2011,1677
3/4/2011,1936
3/5/2011,2073
3/6/2011,604
3/7/2011,1867
3/8/2011,2123
3/9/2011,1881
3/10/2011,620
3/11/2011,1971
3/12/2011,2132
3/13/2011,2413
3/14/2011,2043
3/15/2011,2046
3/16/2011,2187
3/17/2011,2736
3/18/2011,3227
3/19/2011,3112
3/20/2011,2468
3/21/2011,2073
3/22/2011,2695
3/23/2011,2117
3/24/2011,1859
3/25/2011,2199
3/26/2011,2495
3/27/2011,1692
3/28/2011,2020
3/29/2011,2420
3/30/2011,1528
3/31/2011,1674
4/1/2011,2216
4/2/2011,2252
4/3/2011,3248
4/4/2011,3108
4/5/2011,1786
4/6/2011,2797
4/7/2011,3133
4/8/2011,1467
4/9/2011,2454
4/10/2011,2892
4/11/2011,3341
4/12/2011,2025
4/13/2011,2150
4/14/2011,3251
4/15/2011,3115
4/16/2011,795
4/17/2011,3741
4/18/2011,3418
4/19/2011,3192
4/20/2011,3933
4/21/2011,4179
4/22/2011,1676
4/23/2011,4035
4/24/2011,4188
4/25/2011,4062
4/26/2011,4378
4/27/2011,3859
4/28/2011,4044
4/29/2011,4590
4/30/2011,5312
5/1/2011,3348
5/2/2011,4385
5/3/2011,4437
5/4/2011,2624
5/5/2011,4422
5/6/2011,4594
5/7/2011,4710
5/8/2011,4332
5/9/2011,4335
5/10/2011,4782
5/11/2011,4172
5/12/2011,4855
5/13/2011,4096
5/14/2011,3402
5/15/2011,4552
5/16/2011,3950
5/17/2011,4113
5/18/2011,3843
5/19/2011,4561
5/20/2011,4906
5/21/2011,5803
5/22/2011,4654
5/23/2011,4269
5/24/2011,4487
5/25/2011,4966
5/26/2011,4665
5/27/2011,4670
5/28/2011,4756
5/29/2011,4785
5/30/2011,4092
5/31/2011,3974
6/1/2011,3965
6/2/2011,4962
6/3/2011,5298
6/4/2011,5339
6/5/2011,4902
6/6/2011,4538
6/7/2011,4820
6/8/2011,4390
6/9/2011,3911
6/10/2011,4578
6/11/2011,4964
6/12/2011,4458
6/13/2011,5012
6/14/2011,4879
6/15/2011,5167
6/16/2011,3758
6/17/2011,4832
6/18/2011,5118
6/19/2011,4742
6/20/2011,4005
6/21/2011,4822
6/22/2011,4494
6/23/2011,4782
6/24/2011,4982
6/25/2011,5199
6/26/2011,5299
6/27/2011,4698
6/28/2011,4635
6/29/2011,5218
6/30/2011,5503
7/1/2011,5351
7/2/2011,5114
7/3/2011,4648
7/4/2011,6035
7/5/2011,4652
7/6/2011,4619
7/7/2011,4578
7/8/2011,4031
7/9/2011,5330
7/10/2011,4878
7/11/2011,4078
7/12/2011,4247
7/13/2011,4333
7/14/2011,5071
7/15/2011,5528
7/16/2011,5921
7/17/2011,5297
7/18/2011,4445
7/19/2011,4533
7/20/2011,4323
7/21/2011,3774
7/22/2011,3380
7/23/2011,3282
7/24/2011,3605
7/25/2011,3834
7/26/2011,4577
7/27/2011,4644
7/28/2011,4379
7/29/2011,3844
7/30/2011,4474
7/31/2011,4300
8/1/2011,4255
8/2/2011,4835
8/3/2011,3570
8/4/2011,4569
8/5/2011,4858
8/6/2011,4292
8/7/2011,3781
8/8/2011,4315
8/9/2011,4588
8/10/2011,4767
8/11/2011,4780
8/12/2011,4894
8/13/2011,4141
8/14/2011,3819
8/15/2011,4337
8/16/2011,4715
8/17/2011,4681
8/18/2011,3797
8/19/2011,4145
8/20/2011,5190
8/21/2011,3871
8/22/2011,4754
8/23/2011,5881
8/24/2011,5114
8/25/2011,3533
8/26/2011,4655
8/27/2011,1115
8/28/2011,4331
8/29/2011,4623
8/30/2011,5194
8/31/2011,5047
9/1/2011,5100
9/2/2011,4718
9/3/2011,4480
9/4/2011,4939
9/5/2011,3351
9/6/2011,2698
9/7/2011,1987
9/8/2011,1830
9/9/2011,3534
9/10/2011,5340
9/11/2011,5038
9/12/2011,4701
9/13/2011,4746
9/14/2011,4776
9/15/2011,3646
9/16/2011,4742
9/17/2011,4509
9/18/2011,4274
9/19/2011,4526
9/20/2011,3633
9/21/2011,4343
9/22/2011,4784
9/23/2011,2386
9/24/2011,5416
9/25/2011,5008
9/26/2011,4620
9/27/2011,4107
9/28/2011,3902
9/29/2011,4836
9/30/2011,5189
10/1/2011,2424
10/2/2011,2918
10/3/2011,3562
10/4/2011,4443
10/5/2011,4815
10/6/2011,4751
10/7/2011,4971
10/8/2011,5408
10/9/2011,5509
10/10/2011,5110
10/11/2011,4550
10/12/2011,2407
10/13/2011,2903
10/14/2011,3634
10/15/2011,5214
10/16/2011,5039
10/17/2011,4565
10/18/2011,4736
10/19/2011,2417
10/20/2011,4186
10/21/2011,4296
10/22/2011,4306
10/23/2011,4379
10/24/2011,4177
10/25/2011,4676
10/26/2011,3886
10/27/2011,2652
10/28/2011,3744
10/29/2011,627
10/30/2011,3327
10/31/2011,3661
11/1/2011,4061
11/2/2011,4176
11/3/2011,3961
11/4/2011,4039
11/5/2011,3920
11/6/2011,3648
11/7/2011,4024
11/8/2011,4197
11/9/2011,4107
11/10/2011,2926
11/11/2011,3360
11/12/2011,4065
11/13/2011,3713
11/14/2011,4469
11/15/2011,4184
11/16/2011,1813
11/17/2011,3044
11/18/2011,3386
11/19/2011,3656
11/20/2011,3514
11/21/2011,2762
11/22/2011,1601
11/23/2011,2563
11/24/2011,1494
11/25/2011,2788
11/26/2011,3066
11/27/2011,3065
11/28/2011,3854
11/29/2011,2905
11/30/2011,3605
12/1/2011,3712
12/2/2011,3929
12/3/2011,3611
12/4/2011,3483
12/5/2011,3800
12/6/2011,2586
12/7/2011,702
12/8/2011,3313
12/9/2011,3610
12/10/2011,3184
12/11/2011,2740
12/12/2011,3292
12/13/2011,3510
12/14/2011,3725
12/15/2011,3698
12/16/2011,3556
12/17/2011,2734
12/18/2011,2425
12/19/2011,3395
12/20/2011,3741
12/21/2011,2654
12/22/2011,3060
12/23/2011,2202
12/24/2011,1010
12/25/2011,754
12/26/2011,1316
12/27/2011,1157
12/28/2011,2297
12/29/2011,2416
12/30/2011,2991
12/31/2011,2484
1/1/2012,2294
1/2/2012,1950
1/3/2012,2233
1/4/2012,2367
1/5/2012,3269
1/6/2012,4091
1/7/2012,4520
1/8/2012,3424
1/9/2012,2370
1/10/2012,3592
1/11/2012,2174
1/12/2012,4091
1/13/2012,3207
1/14/2012,2491
1/15/2012,2306
1/16/2012,2295
1/17/2012,2931
1/18/2012,3370
1/19/2012,3285
1/20/2012,3156
1/21/2012,1300
1/22/2012,1975
1/23/2012,2429
1/24/2012,4327
1/25/2012,4259
1/26/2012,4060
1/27/2012,3449
1/28/2012,4019
1/29/2012,3240
1/30/2012,3615
1/31/2012,4501
2/1/2012,4574
2/2/2012,3754
2/3/2012,4146
2/4/2012,2831
2/5/2012,2944
2/6/2012,3779
2/7/2012,4363
2/8/2012,2794
2/9/2012,3824
2/10/2012,3822
2/11/2012,2168
2/12/2012,1529
2/13/2012,3419
2/14/2012,3909
2/15/2012,4160
2/16/2012,3000
2/17/2012,4145
2/18/2012,4316
2/19/2012,2689
2/20/2012,3127
2/21/2012,3771
2/22/2012,4767
2/23/2012,5048
2/24/2012,3480
2/25/2012,2732
2/26/2012,3389
2/27/2012,4317
2/28/2012,4353
2/29/2012,1829
3/1/2012,4978
3/2/2012,3190
3/3/2012,4061
3/4/2012,3418
3/5/2012,3331
3/6/2012,3946
3/7/2012,4907
3/8/2012,5374
3/9/2012,4561
3/10/2012,4116
3/11/2012,4906
3/12/2012,5290
3/13/2012,5833
3/14/2012,6305
3/15/2012,6183
3/16/2012,4368
3/17/2012,7832
3/18/2012,5890
3/19/2012,6146
3/20/2012,6088
3/21/2012,6221
3/22/2012,6859
3/23/2012,8351
3/24/2012,3367
3/25/2012,4993
3/26/2012,5549
3/27/2012,5093
3/28/2012,5692
3/29/2012,6126
3/30/2012,5447
3/31/2012,6233
4/1/2012,6038
4/2/2012,5920
4/3/2012,6757
4/4/2012,6419
4/5/2012,6441
4/6/2012,6453
4/7/2012,6855
4/8/2012,5168
4/9/2012,5576
4/10/2012,5907
4/11/2012,4849
4/12/2012,5396
4/13/2012,6389
4/14/2012,7458
4/15/2012,7124
4/16/2012,6361
4/17/2012,6671
4/18/2012,4360
4/19/2012,6547
4/20/2012,7273
4/21/2012,6621
4/22/2012,1023
4/23/2012,3204
4/24/2012,5621
4/25/2012,6187
4/26/2012,5020
4/27/2012,6225
4/28/2012,4220
4/29/2012,6302
4/30/2012,5569
5/1/2012,5733
5/2/2012,6158
5/3/2012,6415
5/4/2012,6288
5/5/2012,6883
5/6/2012,6355
5/7/2012,6267
5/8/2012,5719
5/9/2012,4710
5/10/2012,6563
5/11/2012,7019
5/12/2012,7427
5/13/2012,6116
5/14/2012,2842
5/15/2012,5109
5/16/2012,7413
5/17/2012,7371
5/18/2012,7631
5/19/2012,8292
5/20/2012,7124
5/21/2012,4355
5/22/2012,6060
5/23/2012,5249
5/24/2012,6759
5/25/2012,6720
5/26/2012,6533
5/27/2012,6588
5/28/2012,6038
5/29/2012,5733
5/30/2012,6840
5/31/2012,7328
6/1/2012,4118
6/2/2012,8118
6/3/2012,7641
6/4/2012,6994
6/5/2012,6997
6/6/2012,7048
6/7/2012,7489
6/8/2012,7730
6/9/2012,7496
6/10/2012,6595
6/11/2012,6655
6/12/2012,4961
6/13/2012,7416
6/14/2012,7359
6/15/2012,7656
6/16/2012,7698
6/17/2012,6968
6/18/2012,5092
6/19/2012,6812
6/20/2012,6196
6/21/2012,5891
6/22/2012,5810
6/23/2012,7452
6/24/2012,6889
6/25/2012,6769
6/26/2012,7425
6/27/2012,7323
6/28/2012,6868
6/29/2012,5455
6/30/2012,5679
7/1/2012,5531
7/2/2012,6227
7/3/2012,6660
7/4/2012,7403
7/5/2012,6241
7/6/2012,6207
7/7/2012,4840
7/8/2012,4672
7/9/2012,6569
7/10/2012,6290
7/11/2012,7264
7/12/2012,7446
7/13/2012,7499
7/14/2012,6969
7/15/2012,6031
7/16/2012,6830
7/17/2012,6786
7/18/2012,5713
7/19/2012,6591
7/20/2012,5870
7/21/2012,4459
7/22/2012,7410
7/23/2012,6966
7/24/2012,7592
7/25/2012,8173
7/26/2012,6861
7/27/2012,6904
7/28/2012,6685
7/29/2012,6597
7/30/2012,7105
7/31/2012,7216
8/1/2012,7580
8/2/2012,7261
8/3/2012,7175
8/4/2012,6824
8/5/2012,5464
8/6/2012,7013
8/7/2012,7273
8/8/2012,7534
8/9/2012,7286
8/10/2012,5786
8/11/2012,6299
8/12/2012,6544
8/13/2012,6883
8/14/2012,6784
8/15/2012,7347
8/16/2012,7605
8/17/2012,7148
8/18/2012,7865
8/19/2012,4549
8/20/2012,6530
8/21/2012,7006
8/22/2012,7375
8/23/2012,7765
8/24/2012,7582
8/25/2012,6053
8/26/2012,5255
8/27/2012,6917
8/28/2012,7040
8/29/2012,7697
8/30/2012,7713
8/31/2012,7350
9/1/2012,6140
9/2/2012,5810
9/3/2012,6034
9/4/2012,6864
9/5/2012,7112
9/6/2012,6203
9/7/2012,7504
9/8/2012,5976
9/9/2012,8227
9/10/2012,7525
9/11/2012,7767
9/12/2012,7870
9/13/2012,7804
9/14/2012,8009
9/15/2012,8714
9/16/2012,7333
9/17/2012,6869
9/18/2012,4073
9/19/2012,7591
9/20/2012,7720
9/21/2012,8167
9/22/2012,8395
9/23/2012,7907
9/24/2012,7436
9/25/2012,7538
9/26/2012,7733
9/27/2012,7393
9/28/2012,7415
9/29/2012,8555
9/30/2012,6889
10/1/2012,6778
10/2/2012,4639
10/3/2012,7572
10/4/2012,7328
10/5/2012,8156
10/6/2012,7965
10/7/2012,3510
10/8/2012,5478
10/9/2012,6392
10/10/2012,7691
10/11/2012,7570
10/12/2012,7282
10/13/2012,7109
10/14/2012,6639
10/15/2012,5875
10/16/2012,7534
10/17/2012,7461
10/18/2012,7509
10/19/2012,5424
10/20/2012,8090
10/21/2012,6824
10/22/2012,7058
10/23/2012,7466
10/24/2012,7693
10/25/2012,7359
10/26/2012,7444
10/27/2012,7852
10/28/2012,4459
10/29/2012,22
10/30/2012,1096
10/31/2012,5566
11/1/2012,5986
11/2/2012,5847
11/3/2012,5138
11/4/2012,5107
11/5/2012,5259
11/6/2012,5686
11/7/2012,5035
11/8/2012,5315
11/9/2012,5992
11/10/2012,6536
11/11/2012,6852
11/12/2012,6269
11/13/2012,4094
11/14/2012,5495
11/15/2012,5445
11/16/2012,5698
11/17/2012,5629
11/18/2012,4669
11/19/2012,5499
11/20/2012,5634
11/21/2012,5146
11/22/2012,2425
11/23/2012,3910
11/24/2012,2277
11/25/2012,2424
11/26/2012,5087
11/27/2012,3959
11/28/2012,5260
11/29/2012,5323
11/30/2012,5668
12/1/2012,5191
12/2/2012,4649
12/3/2012,6234
12/4/2012,6606
12/5/2012,5729
12/6/2012,5375
12/7/2012,5008
12/8/2012,5582
12/9/2012,3228
12/10/2012,5170
12/11/2012,5501
12/12/2012,5319
12/13/2012,5532
12/14/2012,5611
12/15/2012,5047
12/16/2012,3786
12/17/2012,4585
12/18/2012,5557
12/19/2012,5267
12/20/2012,4128
12/21/2012,3623
12/22/2012,1749
12/23/2012,1787
12/24/2012,920
12/25/2012,1013
12/26/2012,441
12/27/2012,2114
12/28/2012,3095
12/29/2012,1341
12/30/2012,1796
12/31/2012,2729
1/1/2013,1985
1/2/2013,3703
1/3/2013,3873
1/4/2013,4118
1/5/2013,3562
1/6/2013,3790
1/7/2013,4774
1/8/2013,5311
1/9/2013,5147
1/10/2013,5415
1/11/2013,4150
1/12/2013,5628
1/13/2013,4145
1/14/2013,5059
1/15/2013,2923
1/16/2013,3511
1/17/2013,4817
1/18/2013,4512
1/19/2013,4974
1/20/2013,5768
1/21/2013,4574
1/22/2013,2951
1/23/2013,3220
1/24/2013,2448
1/25/2013,2375
1/26/2013,2765
1/27/2013,3032
1/28/2013,2733
1/29/2013,5834
1/30/2013,4687
1/31/2013,4358
2/1/2013,3201
2/2/2013,2473
2/3/2013,2586
2/4/2013,3946
2/5/2013,4613
2/6/2013,4915
2/7/2013,4488
2/8/2013,3390
2/9/2013,3466
2/10/2013,3613
2/11/2013,4268
2/12/2013,5680
2/13/2013,3556
2/14/2013,5170
2/15/2013,5358
2/16/2013,3239
2/17/2013,2508
2/18/2013,3361
2/19/2013,3960
2/20/2013,4383
2/21/2013,4147
2/22/2013,3562
2/23/2013,2575
2/24/2013,4378
2/25/2013,5002
2/26/2013,2784
2/27/2013,5440
2/28/2013,5128
3/1/2013,4941
3/2/2013,3741
3/3/2013,3095
3/4/2013,4454
3/5/2013,5217
3/6/2013,1136
3/7/2013,5043
3/8/2013,4870
3/9/2013,6835
3/10/2013,6829
3/11/2013,6087
3/12/2013,4289
3/13/2013,5742
3/14/2013,4881
3/15/2013,6384
3/16/2013,6247
3/17/2013,3984
3/18/2013,2768
3/19/2013,6001
3/20/2013,5887
3/21/2013,4541
3/22/2013,5452
3/23/2013,6543
3/24/2013,3888
3/25/2013,1933
3/26/2013,5627
3/27/2013,5856
3/28/2013,5640
3/29/2013,7443
3/30/2013,9664
3/31/2013,3821
4/1/2013,6420
4/2/2013,5946
4/3/2013,6287
4/4/2013,5872
4/5/2013,7679
4/6/2013,9346
4/7/2013,9830
4/8/2013,8550
4/9/2013,9838
4/10/2013,9639
4/11/2013,9166
4/12/2013,6064
4/13/2013,11369
4/14/2013,9695
4/15/2013,6979
4/16/2013,8315
4/17/2013,8563
4/18/2013,7761
4/19/2013,6178
4/20/2013,8882
4/21/2013,7401
4/22/2013,6794
4/23/2013,7509
4/24/2013,8552
4/25/2013,8332
4/26/2013,9074
4/27/2013,10904
4/28/2013,7921
4/29/2013,4333
4/30/2013,5405
5/1/2013,8691
5/2/2013,8592
5/3/2013,8741
5/4/2013,9586
5/5/2013,8080
5/6/2013,6565
5/7/2013,4462
5/8/2013,6669
5/9/2013,7870
5/10/2013,8957
5/11/2013,6531
5/12/2013,8103
5/13/2013,7441
5/14/2013,8122
5/15/2013,8826
5/16/2013,8972
5/17/2013,10155
5/18/2013,6405
5/19/2013,6734
5/20/2013,8454
5/21/2013,9103
5/22/2013,8987
5/23/2013,8136
5/24/2013,6698
5/25/2013,8039
5/26/2013,9960
5/27/2013,9067
5/28/2013,7605
5/29/2013,9357
5/30/2013,8825
5/31/2013,9190
6/1/2013,9568
6/2/2013,7746
6/3/2013,7475
6/4/2013,10032
6/5/2013,10075
6/6/2013,6925
6/7/2013,2509
6/8/2013,9863
6/9/2013,9341
6/10/2013,4429
6/11/2013,9271
6/12/2013,9269
6/13/2013,7340
6/14/2013,9900
6/15/2013,10546
6/16/2013,8816
6/17/2013,8703
6/18/2013,7208
6/19/2013,10136
6/20/2013,10267
6/21/2013,10422
6/22/2013,10913
6/23/2013,7276
6/24/2013,8134
6/25/2013,9276
6/26/2013,8611
6/27/2013,8889
6/28/2013,6377
6/29/2013,10620
6/30/2013,7181
7/1/2013,7944
7/2/2013,7953
7/3/2013,7818
7/4/2013,10832
7/5/2013,10652
7/6/2013,8981
7/7/2013,6949
7/8/2013,8172
7/9/2013,8848
7/10/2013,8209
7/11/2013,8942
7/12/2013,5792
7/13/2013,9372
7/14/2013,8497
7/15/2013,8108
7/16/2013,8515
7/17/2013,8720
7/18/2013,7902
7/19/2013,8087
7/20/2013,8706
7/21/2013,8538
7/22/2013,8796
7/23/2013,9335
7/24/2013,9856
7/25/2013,10228
7/26/2013,10370
7/27/2013,8474
7/28/2013,8242
7/29/2013,9328
7/30/2013,9980
7/31/2013,8773
8/1/2013,7844
8/2/2013,9940
8/3/2013,8532
8/4/2013,10511
8/5/2013,10162
8/6/2013,8469
8/7/2013,9827
8/8/2013,8972
8/9/2013,9545
8/10/2013,10162
8/11/2013,9596
8/12/2013,9613
8/13/2013,8395
8/14/2013,10497
8/15/2013,10800
8/16/2013,10889
8/17/2013,11168
8/18/2013,5835
8/19/2013,9066
8/20/2013,9692
8/21/2013,9241
8/22/2013,9650
8/23/2013,7699
8/24/2013,10990
8/25/2013,9584
8/26/2013,9385
8/27/2013,9622
8/28/2013,7735
8/29/2013,9435
8/30/2013,9748
8/31/2013,9479
9/1/2013,9300
9/2/2013,8122
9/3/2013,8944
9/4/2013,9826
9/5/2013,10007
9/6/2013,10258
9/7/2013,10236
9/8/2013,9516
9/9/2013,9141
9/10/2013,9570
9/11/2013,9267
9/12/2013,7079
9/13/2013,10056
9/14/2013,11269
9/15/2013,9855
9/16/2013,8359
9/17/2013,9968
9/18/2013,10059
9/19/2013,10461
9/20/2013,10676
9/21/2013,6919
9/22/2013,9442
9/23/2013,9067
9/24/2013,9606
9/25/2013,9615
9/26/2013,9893
9/27/2013,9989
9/28/2013,10190
9/29/2013,9365
9/30/2013,9132
10/1/2013,10358
10/2/2013,10385
10/3/2013,10157
10/4/2013,10263
10/5/2013,10586
10/6/2013,9776
10/7/2013,5880
10/8/2013,9944
10/9/2013,6438
10/10/2013,2532
10/11/2013,1800
10/12/2013,5261
10/13/2013,6027
10/14/2013,8940
10/15/2013,9381
10/16/2013,9729
10/17/2013,9548
10/18/2013,10373
10/19/2013,9415
10/20/2013,8594
10/21/2013,9056
10/22/2013,9074
10/23/2013,7970
10/24/2013,7897
10/25/2013,7953
10/26/2013,7983
10/27/2013,8022
10/28/2013,8603
10/29/2013,9134
10/30/2013,8144
10/31/2013,8429
11/1/2013,8180
11/2/2013,9490
11/3/2013,7735
11/4/2013,6954
11/5/2013,8223
11/6/2013,8877
11/7/2013,8065
11/8/2013,7589
11/9/2013,7618
11/10/2013,7260
11/11/2013,7264
11/12/2013,6162
11/13/2013,6544
11/14/2013,7359
11/15/2013,7754
11/16/2013,6891
11/17/2013,7025
11/18/2013,8350
11/19/2013,7522
11/20/2013,7409
11/21/2013,7588
11/22/2013,8230
11/23/2013,6180
11/24/2013,3227
11/25/2013,5360
11/26/2013,1901
11/27/2013,2264
11/28/2013,1603
11/29/2013,2956
11/30/2013,3042
12/1/2013,3727
12/2/2013,6385
12/3/2013,7523
12/4/2013,7674
12/5/2013,8243
12/6/2013,2976
12/7/2013,4931
12/8/2013,1376
12/9/2013,3473
12/10/2013,2724
12/11/2013,5530
12/12/2013,5133
12/13/2013,5686
12/14/2013,2828
12/15/2013,4354
12/16/2013,5669
12/17/2013,5407
12/18/2013,5840
12/19/2013,6716
12/20/2013,6575
12/21/2013,6495
12/22/2013,2849
12/23/2013,2031
12/24/2013,2369
12/25/2013,1012
12/26/2013,2469
12/27/2013,3619
12/28/2013,4450
12/29/2013,1460
12/30/2013,4400
12/31/2013,4166
1/1/2014,3041
1/2/2014,3356
1/3/2014,1634
1/4/2014,2281
1/5/2014,2080
1/6/2014,3553
1/7/2014,2330
1/8/2014,3976
1/9/2014,4992
1/10/2014,1861
1/11/2014,1984
1/12/2014,5467
1/13/2014,6919
1/14/2014,5126
1/15/2014,6510
1/16/2014,6067
1/17/2014,6185
1/18/2014,3352
1/19/2014,4145
1/20/2014,5368
1/21/2014,1766
1/22/2014,1463
1/23/2014,2450
1/24/2014,2651
1/25/2014,2293
1/26/2014,2588
1/27/2014,4535
1/28/2014,3160
1/29/2014,3185
1/30/2014,4209
1/31/2014,5479
2/1/2014,5409
2/2/2014,5471
2/3/2014,2493
2/4/2014,5226
2/5/2014,3800
2/6/2014,5243
2/7/2014,5447
2/8/2014,4079
2/9/2014,3146
2/10/2014,4482
2/11/2014,4783
2/12/2014,3987
2/13/2014,56
2/14/2014,1949
2/15/2014,1781
2/16/2014,2876
2/17/2014,3349
2/18/2014,5154
2/19/2014,5682
2/20/2014,6631
2/21/2014,5844
2/22/2014,7896
2/23/2014,6152
2/24/2014,5459
2/25/2014,4595
2/26/2014,3958
2/27/2014,4940
2/28/2014,4143
3/1/2014,4604
3/2/2014,3531
3/3/2014,429
3/4/2014,2279
3/5/2014,4554
3/6/2014,4875
3/7/2014,5114
3/8/2014,8494
3/9/2014,5979
3/10/2014,6831
3/11/2014,8446
3/12/2014,6288
3/13/2014,4022
3/14/2014,7035
3/15/2014,10471
3/16/2014,4871
3/17/2014,1296
3/18/2014,4707
3/19/2014,3791
3/20/2014,7602
3/21/2014,7757
3/22/2014,10969
3/23/2014,5364
3/24/2014,5435
3/25/2014,3119
3/26/2014,4980
3/27/2014,6512
3/28/2014,6741
3/29/2014,2298
3/30/2014,906
3/31/2014,8268
4/1/2014,9476
4/2/2014,8987
4/3/2014,9188
4/4/2014,8972
4/5/2014,10841
4/6/2014,9932
4/7/2014,2842
4/8/2014,8957
4/9/2014,9993
4/10/2014,11355
4/11/2014,11539
4/12/2014,15755
4/13/2014,14578
4/14/2014,10724
4/15/2014,1842
4/16/2014,7851
4/17/2014,8713
4/18/2014,9428
4/19/2014,12024
4/20/2014,9627
4/21/2014,9750
4/22/2014,9205
4/23/2014,9029
4/24/2014,9985
4/25/2014,7658
4/26/2014,11627
4/27/2014,11161
4/28/2014,6487
4/29/2014,3148
4/30/2014,1816
5/1/2014,9691
5/2/2014,10449
5/3/2014,11302
5/4/2014,10642
5/5/2014,8169
5/6/2014,10530
5/7/2014,8649
5/8/2014,10523
5/9/2014,10539
5/10/2014,8329
5/11/2014,11092
5/12/2014,9516
5/13/2014,10046
5/14/2014,9815
5/15/2014,9487
5/16/2014,8117
5/17/2014,11334
5/18/2014,10328
5/19/2014,10534
5/20/2014,10956
5/21/2014,8601
5/22/2014,10450
5/23/2014,10532
5/24/2014,10644
5/25/2014,12206
5/26/2014,10809
5/27/2014,8327
5/28/2014,10030
5/29/2014,5366
5/30/2014,10930
5/31/2014,12209
6/1/2014,11075
6/2/2014,10466
6/3/2014,10519
6/4/2014,10276
6/5/2014,10854
6/6/2014,11956
6/7/2014,12002
6/8/2014,10740
6/9/2014,10623
6/10/2014,9619
6/11/2014,8734
6/12/2014,9314
6/13/2014,9590
6/14/2014,12046
6/15/2014,11187
6/16/2014,10624
6/17/2014,10624
6/18/2014,10106
6/19/2014,10570
6/20/2014,11780
6/21/2014,9939
6/22/2014,10948
6/23/2014,10984
6/24/2014,11301
6/25/2014,10311
6/26/2014,11087
6/27/2014,10749
6/28/2014,10974
6/29/2014,10935
6/30/2014,10594
7/1/2014,10600
7/2/2014,9699
7/3/2014,8696
7/4/2014,12024
7/5/2014,12928
7/6/2014,11033
7/7/2014,10165
7/8/2014,8629
7/9/2014,8900
7/10/2014,8800
7/11/2014,11346
7/12/2014,11611
7/13/2014,9435
7/14/2014,8610
7/15/2014,7929
7/16/2014,11425
7/17/2014,11709
7/18/2014,11784
7/19/2014,11898
7/20/2014,10933
7/21/2014,11127
7/22/2014,11307
7/23/2014,10315
7/24/2014,10803
7/25/2014,12421
7/26/2014,12118
7/27/2014,10089
7/28/2014,10774
7/29/2014,11444
7/30/2014,11501
7/31/2014,11106
8/1/2014,9974
8/2/2014,10919
8/3/2014,9919
8/4/2014,11000
8/5/2014,10828
8/6/2014,11109
8/7/2014,11175
8/8/2014,11371
8/9/2014,10457
8/10/2014,10782
8/11/2014,9687
8/12/2014,6030
8/13/2014,11019
8/14/2014,11131
8/15/2014,12048
8/16/2014,12360
8/17/2014,10681
8/18/2014,10842
8/19/2014,10646
8/20/2014,9256
8/21/2014,9850
8/22/2014,10354
8/23/2014,6513
8/24/2014,10933
8/25/2014,10860
8/26/2014,10988
8/27/2014,11248
8/28/2014,11171
8/29/2014,11733
8/30/2014,10309
8/31/2014,9026
9/1/2014,8405
9/2/2014,8717
9/3/2014,10544
9/4/2014,10929
9/5/2014,11109
9/6/2014,9436
9/7/2014,11365
9/8/2014,10493
9/9/2014,11090
9/10/2014,11371
9/11/2014,11108
9/12/2014,12283
9/13/2014,8302
9/14/2014,12051
9/15/2014,11477
9/16/2014,12262
9/17/2014,11764
9/18/2014,11627
9/19/2014,11972
9/20/2014,12835
9/21/2014,10868
9/22/2014,11140
9/23/2014,11730
9/24/2014,9397
9/25/2014,6717
9/26/2014,12287
9/27/2014,12781
9/28/2014,11034
9/29/2014,10739
9/30/2014,11764
10/1/2014,10657
10/2/2014,11834
10/3/2014,11047
10/4/2014,10754
10/5/2014,9763
10/6/2014,10761
10/7/2014,9581
10/8/2014,11365
10/9/2014,11356
10/10/2014,8243
10/11/2014,5774
10/12/2014,9527
10/13/2014,6695
10/14/2014,11020
10/15/2014,6157
10/16/2014,10182
10/17/2014,12074
10/18/2014,10940
10/19/2014,8221
10/20/2014,9532
10/21/2014,7565
10/22/2014,4444
10/23/2014,9848
10/24/2014,10563
10/25/2014,11335
10/26/2014,10358
10/27/2014,10622
10/28/2014,11707
10/29/2014,9506
10/30/2014,10147
10/31/2014,9666
11/1/2014,6130
11/2/2014,5698
11/3/2014,8661
11/4/2014,9921
11/5/2014,9241
11/6/2014,7390
11/7/2014,8782
11/8/2014,7652
11/9/2014,7942
11/10/2014,9408
11/11/2014,10891
11/12/2014,9629
11/13/2014,7193
11/14/2014,7077
11/15/2014,6016
11/16/2014,4783
11/17/2014,4133
11/18/2014,5571
11/19/2014,6037
11/20/2014,7297
11/21/2014,6413
11/22/2014,5627
11/23/2014,5647
11/24/2014,9270
11/25/2014,8204
11/26/2014,1447
11/27/2014,1871
11/28/2014,2647
11/29/2014,3696
11/30/2014,5024
12/1/2014,6382
12/2/2014,2682
12/3/2014,6947
12/4/2014,7391
12/5/2014,6033
12/6/2014,2704
12/7/2014,5314
12/8/2014,6072
12/9/2014,3320
12/10/2014,6749
12/11/2014,6377
12/12/2014,6833
12/13/2014,5679
12/14/2014,5311
12/15/2014,7707
12/16/2014,6008
12/17/2014,7434
12/18/2014,6370
12/19/2014,5918
12/20/2014,3889
12/21/2014,3619
12/22/2014,3001
12/23/2014,3755
12/24/2014,1224
12/25/2014,1662
12/26/2014,2948
12/27/2014,4219
12/28/2014,2888
12/29/2014,5188
12/30/2014,5343
12/31/2014,4254
1/1/2015,2611
1/2/2015,5155
1/3/2015,1718
1/4/2015,3711
1/5/2015,5262
1/6/2015,2086
1/7/2015,3063
1/8/2015,2976
1/9/2015,4237
1/10/2015,2694
1/11/2015,3486
1/12/2015,2168
1/13/2015,5520
1/14/2015,4598
1/15/2015,5812
1/16/2015,5729
1/17/2015,4265
1/18/2015,2548
1/19/2015,4687
1/20/2015,6316
1/21/2015,5402
1/22/2015,6424
1/23/2015,4774
1/24/2015,3504
1/25/2015,5210
1/26/2015,2448
1/27/2015,4102
1/28/2015,5131
1/29/2015,4679
1/30/2015,4905
1/31/2015,3371
2/1/2015,3621
2/2/2015,3911
2/3/2015,5162
2/4/2015,6138
2/5/2015,5076
2/6/2015,5006
2/7/2015,5036
2/8/2015,6829
2/9/2015,5017
2/10/2015,5768
2/11/2015,6708
2/12/2015,5509
2/13/2015,4078
2/14/2015,3004
2/15/2015,1055
2/16/2015,1335
2/17/2015,1198
2/18/2015,3183
2/19/2015,2720
2/20/2015,2517
2/21/2015,758
2/22/2015,2021
2/23/2015,3655
2/24/2015,3921
2/25/2015,5016
2/26/2015,3531
2/27/2015,4699
2/28/2015,3294
3/1/2015,802
3/2/2015,4118
3/3/2015,3884
3/4/2015,4187
3/5/2015,560
3/6/2015,1987
3/7/2015,3271
3/8/2015,5529
3/9/2015,8175
3/10/2015,4015
3/11/2015,7909
3/12/2015,9215
3/13/2015,8084
3/14/2015,3669
3/15/2015,6668
3/16/2015,9022
3/17/2015,9246
3/18/2015,7527
3/19/2015,8202
3/20/2015,2956
3/21/2015,9436
3/22/2015,8233
3/23/2015,8134
3/24/2015,7875
3/25/2015,7553
3/26/2015,8778
3/27/2015,6141
3/28/2015,4676
3/29/2015,5861
3/30/2015,9196
3/31/2015,8198
4/1/2015,9874
4/2/2015,11273
4/3/2015,6425
4/4/2015,10433
4/5/2015,10181
4/6/2015,12638
4/7/2015,11109
4/8/2015,7437
4/9/2015,7826
4/10/2015,9393
4/11/2015,16726
4/12/2015,15724
4/13/2015,12676
4/14/2015,3824
4/15/2015,11119
4/16/2015,11687
4/17/2015,12546
4/18/2015,16004
4/19/2015,10250
4/20/2015,9066
4/21/2015,11630
4/22/2015,10540
4/23/2015,10106
4/24/2015,10370
4/25/2015,7177
4/26/2015,10327
4/27/2015,8864
4/28/2015,10995
4/29/2015,11652
4/30/2015,10255
5/1/2015,10351
5/2/2015,12570
5/3/2015,12098
5/4/2015,11987
5/5/2015,11093
5/6/2015,11483
5/7/2015,12316
5/8/2015,13427
5/9/2015,12841
5/10/2015,11089
5/11/2015,12133
5/12/2015,12056
5/13/2015,11774
5/14/2015,12615
5/15/2015,13641
5/16/2015,11196
5/17/2015,10933
5/18/2015,10442
5/19/2015,12063
5/20/2015,12981
5/21/2015,6981
5/22/2015,12522
5/23/2015,12706
5/24/2015,13564
5/25/2015,11990
5/26/2015,11351
5/27/2015,11470
5/28/2015,11625
5/29/2015,12058
5/30/2015,12657
5/31/2015,10917
6/1/2015,8101
6/2/2015,8054
6/3/2015,9879
6/4/2015,6356
6/5/2015,11075
6/6/2015,12665
6/7/2015,11661
6/8/2015,9959
6/9/2015,11764
6/10/2015,11586
6/11/2015,11844
6/12/2015,10867
6/13/2015,11754
6/14/2015,9490
6/15/2015,9975
6/16/2015,11492
6/17/2015,11173
6/18/2015,9990
6/19/2015,12019
6/20/2015,9305
6/21/2015,8775
6/22/2015,11258
6/23/2015,9184
6/24/2015,12581
6/25/2015,11119
6/26/2015,13027
6/27/2015,3301
6/28/2015,11601
6/29/2015,12191
6/30/2015,11970
7/1/2015,11223
7/2/2015,11257
7/3/2015,12791
7/4/2015,10288
7/5/2015,12199
7/6/2015,10902
7/7/2015,12223
7/8/2015,9495
7/9/2015,11045
7/10/2015,13013
7/11/2015,12420
7/12/2015,11711
7/13/2015,10224
7/14/2015,11591
7/15/2015,12088
7/16/2015,13257
7/17/2015,12627
7/18/2015,11096
7/19/2015,10148
7/20/2015,10856
7/21/2015,11811
7/22/2015,12934
7/23/2015,12992
7/24/2015,13339
7/25/2015,12902
7/26/2015,11314
7/27/2015,10919
7/28/2015,11976
7/29/2015,12170
7/30/2015,10808
7/31/2015,12396
8/1/2015,12043
8/2/2015,11447
8/3/2015,12085
8/4/2015,11626
8/5/2015,12501
8/6/2015,12617
8/7/2015,12181
8/8/2015,12970
8/9/2015,11651
8/10/2015,10494
8/11/2015,11342
8/12/2015,12485
8/13/2015,12435
8/14/2015,12549
8/15/2015,12082
8/16/2015,10192
8/17/2015,10971
8/18/2015,11595
8/19/2015,11966
8/20/2015,10192
8/21/2015,12902
8/22/2015,12339
8/23/2015,10981
8/24/2015,10283
8/25/2015,12672
8/26/2015,12330
8/27/2015,12406
8/28/2015,12210
8/29/2015,11526
8/30/2015,10188
8/31/2015,11052
9/1/2015,11522
9/2/2015,11378
9/3/2015,11131
9/4/2015,11050
9/5/2015,10867
9/6/2015,12400
9/7/2015,10351
9/8/2015,10965
9/9/2015,11065
9/10/2015,10356
9/11/2015,12167
9/12/2015,6665
9/13/2015,10397
9/14/2015,11156
9/15/2015,11943
9/16/2015,11938
9/17/2015,11949
9/18/2015,11956
9/19/2015,11580
9/20/2015,10998
9/21/2015,7816
9/22/2015,11952
9/23/2015,12773
9/24/2015,12514
9/25/2015,11403
9/26/2015,11038
9/27/2015,9979
9/28/2015,11305
9/29/2015,7240
9/30/2015,10184
