OBS,AGE,GENDER,CHK_ACCT,SAV_ACCT,NUM_CREDITS,DURATION,HISTORY,PRESENT_RESIDENT,EMPLOYMENT,JOB,NUM_DEPENDENTS,RENT,INSTALL_RATE,GUARANTOR,OTHER_INSTALL,OWN_RES,TELEPHONE,FOREIGN,REAL_ESTATE,TYPE,AMOUNT_REQUESTED,CREDIT_EXTENDED,NPV,IsProfitable,Predicted,MySample,,,,
836,28,male,3,0,1,12,2,2,2,2,1,0,4,0,0,1,0,0,1,4,776,543,104,1,0.861888211,T,,,,
679,40,male,3,2,1,22,2,4,4,2,1,0,3,0,0,1,0,0,0,4,2675,1605,289,1,0.910753779,T,,,,
129,50,female,3,0,1,12,2,2,2,2,1,0,4,0,0,1,0,0,1,3,1574,1416,446,1,0.841594867,T,,,,
930,32,female,1,3,2,21,4,2,3,2,1,0,3,0,0,1,1,0,0,3,2745,1647,171,1,0.896264224,T,,,,
509,29,male,3,0,2,12,4,2,2,3,1,0,4,1,0,1,1,0,1,6,1412,988,181,1,0.962123342,T,,,NPV,
471,32,male,1,0,1,27,2,1,1,2,2,0,4,0,0,1,1,0,0,6,2528,1769,424,1,0.48749911,T,,CUTOFF,0,
299,28,male,2,1,1,21,2,1,2,3,1,0,1,0,1,1,1,0,0,1,2923,1753,357,1,0.897023758,T,,Test,229725,257
270,29,male,1,1,1,24,2,1,1,2,1,0,2,0,0,1,0,0,0,4,2896,2027,390,1,0.713394872,T,,Validation,109278,36
978,67,male,1,0,1,18,2,4,0,2,1,0,2,0,0,1,1,0,0,0,3872,3872,1149,1,0.633153586,T,,,,
187,28,female,3,0,1,18,3,2,2,2,1,0,4,0,0,1,1,0,0,6,2169,1952,-1355,0,0.855402134,T,,,,
307,25,male,1,0,1,48,0,2,2,2,1,0,2,0,0,1,1,0,0,6,14421,10094,-7360,0,0.070942834,T,,,,
597,26,male,1,4,1,30,2,1,2,2,1,0,4,0,0,1,0,0,0,4,1715,1029,240,1,0.864031301,T,,,,
277,24,male,0,0,1,12,2,3,2,1,1,0,4,0,0,1,0,0,0,4,2214,1328,266,1,0.513721836,T,,,,
874,45,female,3,0,2,6,4,3,3,3,2,0,1,0,0,1,1,0,0,1,6761,6084,1037,1,0.943708856,T,,,,
950,28,female,2,1,2,6,4,4,4,2,2,0,2,0,0,1,1,0,0,1,1323,1058,166,1,0.900330902,T,,,,
494,23,female,0,0,1,12,2,1,2,2,1,0,4,0,1,1,0,0,0,4,1498,1498,439,1,0.533461778,T,,,,
330,56,male,2,0,1,42,4,4,4,2,1,0,4,0,0,0,0,0,0,2,4796,3357,764,1,0.889182662,T,,,,
775,37,male,0,0,1,12,2,1,1,1,1,0,3,0,0,1,0,0,1,1,1274,637,-268,0,0.428156223,T,,,,
841,26,male,3,2,1,24,2,2,4,3,1,0,3,0,0,1,1,0,0,4,3235,1617,258,1,0.878538379,T,,,,
591,20,male,0,0,1,12,2,2,2,3,2,1,2,0,0,0,1,0,1,4,1107,885,208,1,0.6584615,T,,,,
725,35,male,3,1,1,6,0,1,2,2,1,1,4,0,1,0,0,1,0,1,1204,722,147,1,0.889587128,T,,,,
37,61,male,1,4,1,18,2,4,2,2,1,0,4,0,0,0,0,0,0,5,1239,867,194,1,0.678423796,T,,,,
105,26,male,1,2,1,12,2,1,2,2,1,0,3,0,0,1,1,0,0,4,1158,926,253,1,0.888609273,T,,,,
729,31,female,1,1,1,48,3,4,0,3,1,0,2,0,0,0,1,0,0,0,7582,6065,1366,1,0.234218708,T,,,,
878,38,male,3,3,2,36,4,2,4,3,1,0,4,0,0,1,1,0,0,2,5711,4568,987,1,0.95547302,T,,,,
485,47,male,3,0,3,18,2,4,4,2,2,0,4,0,1,1,1,0,0,3,3422,3079,322,1,0.658324046,T,,,,
677,31,male,0,0,1,30,2,4,1,1,1,0,2,0,0,1,0,0,0,3,3108,2797,-1444,0,0.33436447,T,,,,
802,44,male,1,0,1,24,2,2,4,3,1,0,4,0,0,0,1,0,0,2,12579,10063,-3320,0,0.280260325,T,,,,
987,24,male,0,0,1,12,2,4,4,2,1,1,4,0,0,0,0,0,0,3,652,456,112,1,0.389453848,T,,,,
382,54,female,0,0,1,48,2,4,2,2,1,0,3,0,0,1,0,0,0,0,3051,1830,-555,0,0.431563227,T,,,,
601,53,male,3,2,1,24,2,4,4,2,1,0,3,0,0,1,0,0,0,3,2835,1984,411,1,0.900371451,T,,,,
940,43,male,3,3,2,24,4,1,2,1,1,0,4,0,0,1,0,0,1,4,1516,1061,172,1,0.986292126,T,,,,
801,61,male,3,3,1,12,2,4,3,1,1,0,2,0,0,1,0,0,1,4,3059,2447,540,1,0.992159589,T,,,,
852,43,male,0,1,1,6,2,2,4,2,1,0,3,0,0,1,1,0,0,1,1203,842,162,1,0.523350466,T,,,,
931,22,female,1,0,1,9,2,4,2,1,1,1,4,0,0,0,0,0,1,1,276,220,50,1,0.343494789,T,,,,
326,35,male,3,1,2,24,3,3,2,2,1,0,2,0,0,1,0,0,0,3,4151,2490,413,1,0.904147912,T,,,,
984,46,male,3,0,2,24,4,3,4,2,1,0,4,0,0,1,0,0,1,4,2611,2349,482,1,0.93532469,T,,,,
554,33,male,2,0,1,21,4,1,1,2,1,1,2,0,0,0,0,0,0,5,2319,1159,-874,0,0.782138885,T,,,,
422,51,male,3,4,1,36,4,2,4,2,1,0,4,0,0,1,1,0,0,4,3342,2673,725,1,0.971543325,T,,,,
111,24,male,1,0,1,36,2,4,3,2,1,1,4,0,0,0,0,0,0,4,2323,1393,296,1,0.496127744,T,,,,
404,33,female,2,0,1,12,2,1,1,3,1,0,4,0,1,1,1,0,0,3,1474,1474,454,1,0.740681504,T,,,,
924,39,male,0,0,1,30,2,3,4,2,2,0,1,1,0,1,0,0,0,4,2522,1765,376,1,0.794433703,T,,,,
532,31,female,0,0,1,36,1,4,4,2,1,0,4,0,1,1,0,0,0,3,2746,2196,-989,0,0.081772612,T,,,,
506,26,female,3,4,1,6,1,2,2,1,2,0,1,1,1,1,0,0,1,1,783,626,163,1,0.887078714,T,,,,
556,22,male,1,0,1,12,2,1,1,2,1,0,2,0,1,1,0,0,0,4,1331,798,-277,0,0.676510871,T,,,,
889,34,male,3,0,2,36,4,4,4,3,1,0,4,0,0,1,1,0,0,1,6614,3307,261,1,0.604840674,T,,,,
343,34,male,3,1,2,21,3,3,3,3,1,0,4,0,0,1,0,0,1,3,1591,1431,249,1,0.943462471,T,,,,
582,54,female,1,0,1,36,3,2,2,2,1,1,2,0,0,0,0,0,0,1,7432,4459,801,1,0.223451622,T,,,,
121,27,male,0,0,1,12,2,3,2,1,1,0,4,0,0,1,0,0,1,1,1168,934,251,1,0.35341936,T,,,,
40,30,male,3,0,1,18,2,2,2,3,1,0,2,0,0,1,1,0,0,1,1820,1820,542,1,0.808583609,T,,,,
684,21,male,3,4,1,12,2,2,2,2,1,0,4,0,0,1,0,0,0,4,886,797,197,1,0.935171523,T,,,,
537,36,female,3,0,1,12,2,4,3,2,1,0,2,0,0,1,1,0,0,6,1542,925,163,1,0.971515961,T,,,,
375,22,female,0,2,1,24,1,4,2,2,1,0,4,0,1,1,1,0,1,3,2483,2234,565,1,0.182355264,T,,,,
248,28,male,0,0,1,9,2,3,2,1,1,0,4,0,0,1,0,0,0,1,654,457,-188,0,0.336859157,T,,,,
198,43,male,3,0,1,24,2,4,2,1,2,0,1,0,0,1,0,0,0,1,7393,4435,767,1,0.695220728,T,,,,
378,52,female,3,1,2,24,4,4,4,2,1,0,4,0,1,1,0,0,0,4,2223,1333,188,1,0.912722344,T,,,,
39,39,male,0,4,1,20,2,4,3,2,1,0,4,0,0,1,1,0,0,3,2212,2212,611,1,0.860119701,T,,,,
435,37,male,2,0,1,10,2,1,1,1,2,0,1,1,0,1,0,0,0,1,3949,3159,925,1,0.820902882,T,,,,
810,36,male,1,0,1,36,4,4,4,2,1,0,4,0,0,1,0,0,1,4,2337,2337,698,1,0.757816497,T,,,,
390,34,male,1,0,2,36,4,4,2,2,1,0,3,0,0,1,1,0,0,2,5800,4640,651,1,0.799773606,T,,,,
280,27,female,3,4,2,6,4,2,2,2,1,0,1,0,0,1,0,0,0,3,1221,854,148,1,0.986590532,T,,,,
672,40,male,3,4,2,30,4,2,4,2,2,0,3,0,0,1,1,0,0,4,3077,1538,112,1,0.968480651,T,,,,
526,27,female,1,4,1,60,3,1,2,1,1,0,1,0,0,1,0,0,1,4,7418,5192,1304,1,0.889927775,T,,,,
642,33,female,0,0,1,12,2,1,1,1,2,0,4,0,0,1,0,0,1,1,2579,2321,-1291,0,0.200317019,T,,,,
45,39,female,3,0,1,12,2,4,4,3,1,0,4,0,0,1,1,0,0,1,1884,1507,415,1,0.74937345,T,,,,
402,28,male,0,0,1,15,2,4,2,2,1,1,2,0,0,0,0,0,0,1,1403,1122,257,1,0.362976199,T,,,,
22,33,male,3,4,2,9,4,2,2,2,2,0,1,0,0,1,0,0,1,4,3074,2151,262,1,0.989372382,T,,,,
718,52,female,0,2,2,6,4,4,4,2,1,0,4,0,0,1,0,0,0,4,338,202,22,1,0.839265105,T,,,,
742,23,male,0,4,2,18,3,2,2,2,1,1,1,0,0,0,1,0,0,5,8471,4235,463,1,0.437604545,T,,,,
193,37,male,3,2,1,48,3,1,3,3,1,0,4,0,0,1,1,0,0,4,12749,12749,3442,1,0.816265061,T,,,,
371,41,female,1,1,2,30,3,2,4,2,1,0,4,0,1,1,0,0,0,6,2503,2002,313,1,0.4521144,T,,,,
499,30,female,3,0,2,24,4,2,3,1,1,0,2,0,0,1,0,0,0,3,2028,1419,217,1,0.942379549,T,,,,
104,27,male,0,0,1,24,2,2,2,2,1,0,2,0,1,1,0,0,0,3,4020,3618,879,1,0.327239799,T,,,,
965,40,female,0,0,1,12,2,4,2,1,2,1,4,0,0,0,0,0,0,5,684,615,-487,0,0.210642733,T,,,,
767,27,female,3,0,1,48,1,1,2,2,1,0,1,0,1,1,0,0,1,6,3609,2165,473,1,0.771472204,T,,,,
492,31,female,0,0,1,24,1,2,2,2,1,1,4,0,0,0,1,0,0,6,3161,3161,-2801,0,0.120339341,T,,,,
838,57,female,1,0,1,36,2,2,4,3,1,0,4,0,0,0,1,0,0,1,14318,11454,-5352,0,0.03748696,T,,,,
616,48,male,0,1,2,9,4,4,4,2,2,0,3,1,0,1,0,1,1,0,1288,1159,252,1,0.981281336,T,,,,
615,39,male,0,0,2,6,4,4,4,2,1,0,1,0,0,1,1,0,0,1,860,688,111,1,0.835518043,T,,,,
843,20,male,3,0,1,9,2,4,4,2,1,0,1,0,0,1,0,0,0,3,1313,787,154,1,0.938503263,T,,,,
465,32,male,0,0,2,18,4,1,3,3,1,0,4,0,0,1,1,0,0,4,1880,1316,219,1,0.897885323,T,,,,
525,25,male,3,0,1,24,2,1,3,2,1,0,4,0,0,1,1,0,1,6,1258,754,178,1,0.961914702,T,,,,
808,39,female,3,4,1,54,0,2,2,1,2,0,2,0,0,1,0,0,0,2,9436,7548,1677,1,0.751375836,T,,,,
977,63,female,3,0,2,12,4,4,4,1,1,0,2,0,0,1,1,0,1,4,1655,1489,288,1,0.988298352,T,,,,
176,23,female,0,0,1,18,2,2,1,1,1,0,1,0,0,1,0,0,0,1,976,683,-300,0,0.244452891,T,,,,
345,41,male,3,0,1,12,2,4,4,1,2,0,4,0,1,1,0,0,0,5,719,431,-280,0,0.642027958,T,,,,
791,27,male,1,4,1,36,2,2,2,2,1,0,2,0,0,1,0,0,0,5,3711,2597,521,1,0.528590441,T,,,,
110,54,male,0,0,1,12,4,3,4,2,1,0,4,0,0,1,0,0,1,2,1409,1268,318,1,0.929258826,T,,,,
84,44,male,3,2,2,24,3,2,2,2,2,0,4,0,0,1,1,0,0,6,2375,1425,148,1,0.86469846,T,,,,
871,25,male,1,0,1,9,2,4,4,2,1,0,4,0,0,1,0,0,1,4,1206,1085,296,1,0.691384189,T,,,,
29,23,male,3,3,2,15,4,4,4,2,1,1,3,0,0,0,1,0,0,2,3368,2694,414,1,0.981236212,T,,,,
141,28,female,1,4,2,18,4,4,2,2,1,0,4,0,1,1,0,0,1,6,1887,1698,312,1,0.876994416,T,,,,
252,26,female,2,0,1,15,2,4,3,2,1,1,2,0,0,0,1,0,0,6,2687,2687,791,1,0.919754404,T,,,,
733,34,female,3,3,1,24,2,3,3,2,2,0,4,0,0,1,1,0,0,1,1525,1372,347,1,0.879827717,T,,,,
620,28,male,3,0,2,6,4,1,2,2,1,0,1,0,0,1,1,0,0,4,1382,1243,237,1,0.991323485,T,,,,
304,57,male,3,4,1,12,4,4,4,1,1,1,4,0,0,0,0,0,0,6,1264,1137,275,1,0.987314666,T,,,,
545,41,male,3,4,2,9,4,4,4,1,1,1,4,0,0,0,0,0,0,5,1244,995,138,1,0.931649655,T,,,,
557,23,female,1,1,2,24,3,2,3,2,1,1,3,0,0,0,1,0,0,4,1553,1242,193,1,0.727394882,T,,,,
661,74,male,3,0,1,24,4,2,2,3,1,0,3,0,0,1,1,0,1,6,4526,2263,336,1,0.973470206,T,,,,
287,35,male,0,0,1,24,2,4,1,2,1,0,4,0,0,1,1,0,1,4,2439,2195,-1208,0,0.392249767,T,,,,
614,27,female,3,3,2,27,3,2,2,2,1,0,2,0,0,1,0,0,0,2,8613,7751,1442,1,0.910006044,T,,,,
145,30,male,0,0,1,12,2,3,2,2,1,0,2,0,0,1,0,0,0,3,1620,972,200,1,0.677406812,T,,,,
329,63,female,3,4,1,15,4,4,4,2,1,0,4,0,0,1,0,0,0,3,1520,1064,225,1,0.98417877,T,,,,
487,25,male,3,0,1,10,2,2,2,1,1,1,2,0,1,0,0,0,1,3,2210,1989,-948,0,0.8275874,T,,,,
855,24,male,0,0,1,12,1,4,2,1,1,0,4,0,1,1,0,0,1,4,626,563,-231,0,0.290699169,T,,,,
851,28,female,3,0,1,24,2,2,2,2,1,0,4,0,0,1,0,0,0,4,1413,1413,426,1,0.742408801,T,,,,
630,20,male,3,4,1,12,2,4,1,2,1,1,1,0,0,0,0,0,0,2,4675,2805,673,1,0.960824913,T,,,,
498,33,male,3,0,1,30,4,2,2,2,1,0,4,0,0,1,1,0,0,4,2831,2264,535,1,0.893906136,T,,,,
858,27,female,1,0,2,36,4,4,1,2,1,0,4,0,0,1,0,0,0,1,2820,2256,-1037,0,0.146406213,T,,,,
816,38,male,1,1,2,24,2,3,3,2,1,0,2,0,1,1,1,0,0,1,3512,3160,561,1,0.601632494,T,,,,
619,74,male,1,0,1,9,1,4,4,3,2,0,2,0,1,0,1,0,0,2,5129,3077,-1488,0,0.705629979,T,,,,
576,32,female,0,4,1,24,2,4,3,2,1,1,4,0,0,0,0,0,0,1,1285,1156,-424,0,0.535401574,T,,,,
490,29,male,3,4,2,18,4,3,2,2,1,0,4,0,0,1,1,0,0,4,1169,701,70,1,0.981886035,T,,,,
736,26,female,3,0,2,36,3,2,2,3,1,0,4,0,0,1,1,0,0,4,4463,3124,-1012,0,0.686260608,T,,,,
103,44,female,0,2,1,6,2,3,2,2,2,1,2,0,0,0,0,0,1,4,2647,2647,770,1,0.752174991,T,,,,
316,29,female,1,3,1,24,4,4,4,2,1,1,2,0,0,0,0,0,0,2,7758,4654,900,1,0.886979239,T,,,,
51,27,male,0,0,1,24,2,1,1,2,1,0,4,0,0,1,0,0,0,1,3123,2498,-1330,0,0.138927516,T,,,,
907,25,male,3,4,1,36,2,4,2,2,1,0,4,0,0,1,0,0,0,4,2394,1436,283,1,0.909825005,T,,,,
290,38,male,0,0,2,12,4,4,2,1,1,0,4,0,1,1,0,1,0,1,2171,1519,261,1,0.751383411,T,,,,
650,29,female,1,1,1,36,2,1,1,3,1,1,4,0,0,0,1,0,0,3,9034,7227,-3545,0,0.164541262,T,,,,
998,25,female,1,1,1,15,1,2,2,2,1,1,2,0,0,0,0,0,0,1,1264,884,-286,0,0.177510519,T,,,,
811,30,male,0,4,1,24,2,2,1,2,1,0,1,0,0,1,1,1,0,3,7721,4632,993,1,0.862583125,T,,,,
282,24,female,0,0,2,36,4,4,3,2,1,0,4,0,0,1,1,0,0,2,9629,5777,-1853,0,0.52882043,T,,,,
143,30,female,1,4,1,12,2,2,2,2,1,0,4,0,0,1,0,0,0,2,2028,1825,518,1,0.867875108,T,,,,
442,35,male,0,4,1,24,2,2,2,2,1,0,4,0,0,1,0,0,0,1,1381,1242,-443,0,0.437765734,T,,,,
285,23,female,3,0,1,18,2,4,1,2,1,0,4,0,0,1,0,0,1,0,1943,1360,-792,0,0.662840061,T,,,,
682,62,male,3,2,1,6,2,4,2,2,1,0,1,0,0,1,0,0,1,0,1338,936,181,1,0.986803149,T,,,,
48,22,female,1,1,1,24,2,2,1,2,1,1,3,0,0,0,1,0,0,4,3092,1546,-790,0,0.310877282,T,,,,
501,35,male,3,4,1,36,2,4,2,1,2,0,2,0,0,0,1,0,0,5,9055,5433,1032,1,0.69339164,T,,,,
716,45,male,0,0,1,12,1,1,4,1,1,0,4,0,1,1,0,0,0,0,339,271,59,1,0.453174191,T,,,,
511,39,male,1,0,2,24,4,3,2,3,2,0,2,0,0,1,1,0,0,0,11938,8356,-3313,0,0.572174705,T,,,,
295,31,female,3,4,1,24,2,2,3,2,1,0,4,0,1,1,1,0,0,3,929,557,123,1,0.936805128,T,,,,
536,23,male,1,0,1,24,2,2,1,1,1,0,4,0,1,1,0,0,1,1,1246,1121,-569,0,0.109499225,T,,,,
693,21,male,0,0,1,18,4,4,1,2,1,1,4,0,0,0,0,0,0,3,1049,944,286,1,0.34896892,T,,,,
214,27,male,3,0,2,15,2,3,1,1,1,0,2,0,1,1,0,0,0,3,2708,1354,151,1,0.697075529,T,,,,
918,65,male,0,0,2,21,4,4,4,2,1,0,4,0,0,1,0,0,1,1,571,456,87,1,0.631608185,T,,,,
737,22,male,0,0,1,18,2,4,1,2,1,1,1,0,0,0,0,0,0,3,3650,2920,799,1,0.33789734,T,,,,
339,26,male,2,0,1,12,2,1,1,2,1,0,4,0,0,1,0,0,1,1,1330,798,181,1,0.592208474,T,,,,
346,35,male,3,0,1,24,2,4,4,3,1,0,4,0,0,1,1,0,0,2,2670,1869,424,1,0.931965876,T,,,,
675,23,male,0,0,1,15,2,4,0,2,1,1,1,0,0,0,0,0,0,1,2511,1757,350,1,0.161850725,T,,,,
43,20,male,3,3,1,15,2,3,3,2,1,1,2,0,0,0,0,0,0,1,3186,3186,862,1,0.901817506,T,,,,
1,67,female,0,4,2,6,4,4,4,2,1,0,4,0,0,1,1,0,1,4,1169,1052,243,1,0.9657788,T,,,,
910,36,female,1,4,2,20,3,4,3,3,2,1,3,0,1,0,1,0,0,2,7057,5645,807,1,0.882620692,T,,,,
590,31,female,3,4,1,36,3,2,3,3,2,0,3,0,1,1,1,0,0,2,8947,6262,1377,1,0.943150445,T,,,,
959,60,female,0,0,2,12,4,3,4,2,1,0,3,0,0,1,0,0,0,3,2246,1572,-654,0,0.783812482,T,,,,
796,37,female,1,0,3,9,4,4,4,1,1,0,2,0,0,1,0,0,1,4,1154,692,41,1,0.898054157,T,,,,
628,26,male,3,0,2,18,4,2,2,2,1,0,2,0,0,1,0,0,0,4,2404,1923,380,1,0.931096581,T,,,,
233,34,male,0,0,1,24,2,1,3,3,1,0,2,0,0,0,1,0,0,2,2910,1455,306,1,0.92233393,T,,,,
293,22,male,0,0,1,9,2,4,1,2,1,1,3,0,0,0,0,0,0,4,1366,1092,-502,0,0.348933849,T,,,,
573,41,male,3,3,2,6,4,2,2,1,1,0,2,0,1,1,0,0,1,1,250,150,22,1,0.965172182,T,,,,
369,47,male,3,0,3,24,4,3,1,2,1,0,3,0,0,0,1,0,0,4,5103,4592,439,1,0.782752805,T,,,,
451,24,male,0,0,1,24,2,4,1,2,1,1,4,0,0,0,0,0,0,1,1207,844,-375,0,0.078877643,T,,,,
86,33,female,0,0,2,20,4,2,2,2,1,1,4,1,1,0,0,1,0,1,2235,1341,-603,0,0.588990001,T,,,,
483,35,female,3,0,2,18,4,2,1,3,1,0,3,0,0,1,1,0,0,3,3780,1890,231,1,0.782430484,T,,,,
327,57,male,3,0,3,12,4,4,4,1,1,0,2,0,1,0,0,0,0,5,2748,1648,115,1,0.831200229,T,,,,
622,31,male,0,0,1,18,0,1,3,2,1,0,3,0,1,1,1,0,0,6,3104,2483,724,1,0.631786591,T,,,,
355,34,female,2,0,1,18,2,1,2,1,2,0,2,0,0,1,0,0,1,3,2864,1718,-559,0,0.912379583,T,,,,
819,20,male,0,1,1,12,2,1,3,2,1,0,4,0,0,1,0,0,0,4,674,606,-211,0,0.81717213,T,,,,
812,23,male,0,2,2,33,4,4,2,2,1,0,1,0,0,1,0,0,0,3,4281,2996,-1312,0,0.712882006,T,,,,
49,23,male,1,0,1,12,4,1,2,1,1,0,1,0,0,1,0,0,1,4,3573,2501,590,1,0.957715099,T,,,,
361,28,female,3,0,1,36,2,2,2,3,1,0,4,0,0,1,1,0,0,3,3349,2344,-1215,0,0.63987864,T,,,,
885,59,male,0,0,1,9,2,4,3,2,1,0,3,0,0,1,0,0,1,4,1364,1091,276,1,0.885530916,T,,,,
242,42,male,3,0,2,12,4,2,0,3,1,0,4,0,1,1,1,0,0,6,2292,2292,-1437,0,0.757923106,T,,,,
440,31,male,3,0,1,9,4,3,0,3,1,0,2,0,0,1,0,0,0,3,2406,1924,437,1,0.900582371,T,,,,
758,33,female,3,4,2,24,4,2,2,2,1,0,3,0,0,1,1,0,0,5,1927,1156,193,1,0.921208383,T,,,,
817,25,female,3,0,1,24,2,4,3,2,1,1,2,0,0,0,1,0,0,3,3972,2383,396,1,0.87911285,T,,,,
818,31,male,3,0,2,12,2,2,3,3,2,1,4,0,0,0,1,0,0,4,1963,1177,172,1,0.83403324,T,,,,
247,34,female,1,0,1,12,2,1,1,3,1,1,3,0,0,0,0,0,1,3,3017,2715,656,1,0.537309054,T,,,,
751,34,male,1,1,1,15,1,2,0,3,2,0,1,0,0,1,1,0,0,1,6850,3425,-1718,0,0.081410363,T,,,,
219,40,male,0,4,2,21,1,2,2,1,2,0,4,0,0,1,0,0,0,1,1647,1152,-610,0,0.163611259,T,,,,
135,26,male,0,0,1,21,2,4,3,1,1,1,1,0,0,0,0,0,0,3,3599,2159,426,1,0.687888089,T,,,,
961,45,male,3,4,1,15,2,4,4,2,2,0,4,0,1,0,0,0,0,2,1300,780,130,1,0.960845943,T,,,,
958,27,male,3,0,2,24,2,3,1,1,1,0,4,0,0,1,0,0,0,0,937,655,103,1,0.641841993,T,,,,
377,30,female,3,4,1,21,4,4,4,3,1,0,4,0,0,0,1,0,0,1,12680,6340,-2703,0,0.652686209,T,,,,
408,40,female,0,4,1,36,2,4,4,3,1,0,4,0,0,1,1,0,0,5,1977,1383,-961,0,0.516084038,T,,,,
884,63,male,0,0,2,24,4,4,4,2,1,0,4,0,0,1,1,0,0,2,2957,1774,277,1,0.871867238,T,,,,
565,27,male,3,4,2,36,3,4,1,2,1,1,4,0,0,0,1,0,0,6,7980,5586,-3503,0,0.669405528,T,,,,
467,50,female,2,0,1,6,4,4,2,1,1,0,2,0,0,1,0,0,0,5,1047,523,73,1,0.932526049,T,,,,
356,27,female,1,1,1,12,4,1,1,2,1,0,4,0,0,1,0,0,0,1,1995,1795,579,1,0.50865526,T,,,,
130,28,male,1,0,1,36,2,4,1,3,1,1,1,0,0,0,1,0,0,2,9398,6578,-2415,0,0.470527552,T,,,,
891,46,female,3,0,2,15,3,2,1,1,1,0,1,0,0,1,0,0,0,2,3594,3594,824,1,0.932521368,T,,,,
65,27,male,0,0,1,18,2,1,0,0,1,0,4,0,0,1,0,0,1,5,750,525,-403,0,0.437439252,T,,,,
842,31,female,3,2,1,21,2,2,3,3,1,0,1,0,1,1,0,0,0,1,2782,1669,366,1,0.848958554,T,,,,
359,33,female,1,0,1,36,2,1,1,1,1,1,4,0,0,0,0,0,0,0,2384,1907,-594,0,0.307339859,T,,,,
992,39,male,0,0,1,24,2,2,4,3,1,1,4,0,0,0,1,0,0,3,3345,2676,-971,0,0.309913819,T,,,,
124,51,male,3,2,1,9,2,4,4,1,1,0,2,0,0,0,0,0,0,1,2507,1504,262,1,0.864152744,T,,,,
77,59,female,3,4,1,15,4,4,4,2,1,0,1,0,0,1,1,0,0,1,5045,3027,507,1,0.984935094,T,,,,
218,34,male,1,0,1,24,3,2,0,3,1,0,3,0,0,1,1,0,0,3,2064,1651,-882,0,0.40974815,T,,,,
610,61,female,3,4,1,12,4,2,3,2,1,0,4,0,0,1,0,0,0,5,2012,1207,215,1,0.96715678,T,,,,
194,22,male,1,0,1,9,2,2,1,2,1,0,4,0,0,1,1,0,0,4,1670,1503,-488,0,0.390794596,T,,,,
19,28,female,3,0,2,36,3,1,1,2,1,0,1,0,0,1,0,0,0,6,9572,6700,-4386,0,0.719021213,T,,,,
273,24,female,0,0,1,12,2,2,2,1,1,0,4,0,0,1,0,0,1,1,1228,736,-376,0,0.222094983,T,,,,
418,26,male,0,0,2,21,3,1,1,2,1,0,2,0,0,1,0,0,0,5,3414,2048,-1278,0,0.289553713,T,,,,
543,21,male,1,0,1,18,2,3,2,2,1,1,1,0,0,0,1,0,0,2,2779,1667,394,1,0.88418509,T,,,,
419,36,male,1,0,1,18,4,4,4,2,2,0,4,0,1,1,1,0,0,1,884,442,-134,0,0.54440701,T,,,,
686,40,male,3,4,1,10,2,3,3,2,1,0,4,0,0,1,1,0,0,0,894,715,162,1,0.986072372,T,,,,
403,26,female,3,4,2,10,4,1,2,2,1,0,2,0,0,1,0,1,0,3,2069,1862,428,1,0.99801349,T,,,,
749,62,female,3,0,1,24,2,4,4,2,1,0,4,0,0,0,1,0,0,1,3757,2629,697,1,0.61790598,T,,,,
587,20,female,3,2,1,15,2,4,2,2,1,1,2,0,0,0,0,0,0,3,2221,1554,400,1,0.856156225,T,,,,
16,42,male,3,1,1,6,2,4,4,2,2,0,2,0,1,0,1,0,0,4,1346,1076,295,1,0.942810057,T,,,,
951,45,female,3,1,1,39,2,2,4,3,1,0,4,0,0,1,1,0,0,2,8588,5152,948,1,0.774473512,T,,,,
777,31,male,3,4,1,10,2,4,1,2,1,1,1,0,0,0,0,0,1,2,2901,1740,373,1,0.9823345,T,,,,
604,31,male,3,0,1,48,4,3,2,2,1,0,1,0,1,0,1,0,0,5,6110,4888,1392,1,0.726181082,T,,,,
634,23,female,1,0,1,13,2,4,1,1,1,0,2,1,0,1,0,0,0,4,2101,2101,688,1,0.663841295,T,,,,
664,28,female,3,2,1,24,2,1,3,2,1,0,4,0,0,1,0,0,0,4,1376,963,239,1,0.9436084,T,,,,
138,33,male,3,0,2,18,4,4,4,2,1,0,3,0,0,1,1,0,0,4,6070,4249,758,1,0.912186102,T,,,,
719,68,male,1,0,3,16,4,3,0,0,1,0,2,0,0,0,1,0,0,1,1175,705,34,1,0.794895615,T,,,,
500,50,female,3,4,1,12,2,3,4,2,1,0,4,0,0,1,1,0,0,1,2390,2151,652,1,0.918774048,T,,,,
761,50,female,1,1,1,36,2,4,2,2,1,0,4,0,0,0,0,0,0,4,2671,2136,-927,0,0.488782236,T,,,,
939,27,male,3,0,2,9,2,2,3,2,1,0,3,0,0,1,0,0,0,6,1449,1159,200,1,0.903248225,T,,,,
229,49,female,2,4,1,18,1,4,3,1,1,0,4,0,1,1,0,0,0,4,1445,1011,235,1,0.894638853,T,,,,
423,30,male,3,0,1,15,2,2,2,2,1,0,3,0,0,1,1,0,0,2,4657,4191,1287,1,0.909677219,T,,,,
421,38,male,3,0,2,12,4,1,4,1,2,0,4,0,0,1,0,0,1,1,1495,1196,181,1,0.899651008,T,,,,
140,19,female,1,3,1,12,2,4,1,1,1,1,1,0,0,0,0,0,1,3,983,589,141,1,0.790127262,T,,,,
126,46,male,2,0,1,12,2,2,2,1,1,0,1,0,0,1,0,0,0,3,2251,1575,349,1,0.919051603,T,,,,
938,52,female,3,1,2,6,4,4,2,1,1,0,4,0,0,1,0,0,0,1,362,253,41,1,0.907102287,T,,,,
508,66,female,0,0,2,12,4,4,4,3,1,0,4,0,0,0,0,0,0,2,1526,1526,318,1,0.858143457,T,,,,
854,42,male,0,0,1,48,2,4,4,3,1,0,4,0,1,0,0,0,0,1,7763,5434,-2226,0,0.040753636,T,,,,
968,26,male,3,0,1,18,2,1,1,2,1,0,3,0,0,1,0,0,1,4,1453,1162,293,1,0.891094865,T,,,,
271,47,male,2,1,1,24,2,2,4,2,1,0,4,0,0,0,1,0,0,4,1377,688,143,1,0.818540301,T,,,,
821,21,male,0,0,1,24,2,2,2,1,1,0,2,0,1,1,0,0,0,6,6568,5911,1750,1,0.293137256,T,,,,
577,40,male,1,0,2,12,2,3,4,1,1,0,3,1,1,1,0,0,1,4,1155,1039,187,1,0.816750599,T,,,,
512,47,female,3,4,1,48,4,1,4,2,1,0,4,0,0,1,1,0,1,4,3578,2862,720,1,0.984853618,T,,,,
849,35,female,3,1,1,10,2,2,2,1,1,1,3,0,0,0,0,1,1,1,1418,992,206,1,0.938516673,T,,,,
504,25,male,1,0,2,45,4,2,1,1,1,0,4,0,0,1,0,0,0,4,4746,3322,-1100,0,0.214061786,T,,,,
457,37,male,1,4,2,24,3,2,2,3,1,0,4,0,1,1,1,0,0,6,4712,3298,437,1,0.734342496,T,,,,
358,22,male,0,0,1,15,2,4,2,1,1,0,4,0,0,1,0,0,0,6,806,725,226,1,0.531553259,T,,,,
724,61,male,1,1,2,21,2,2,4,1,1,1,4,0,1,0,0,0,0,6,2767,2490,-2105,0,0.465395491,T,,,,
127,55,female,0,0,1,24,2,4,4,2,1,0,4,0,0,1,0,0,0,4,1603,961,195,1,0.555332336,T,,,,
645,34,male,0,0,1,36,2,4,1,2,1,0,4,0,0,1,1,0,0,1,1842,1289,-599,0,0.117971152,T,,,,
41,39,female,3,0,1,18,2,4,1,2,1,0,3,0,0,1,1,0,1,4,1473,1473,430,1,0.871956232,T,,,,
548,26,male,0,0,1,18,0,4,1,2,1,1,1,0,0,0,0,0,0,3,3114,2802,-1133,0,0.214847402,T,,,,
305,24,male,0,1,2,30,4,4,3,2,1,1,1,0,0,0,0,0,0,2,6187,4949,997,1,0.872643624,T,,,,
413,27,male,1,4,1,18,2,3,1,2,1,1,4,0,0,0,0,0,1,3,1924,1924,-843,0,0.600294296,T,,,,
955,35,male,3,4,2,48,4,1,3,2,1,0,2,0,0,0,1,0,0,2,8858,7086,1010,1,0.98768324,T,,,,
880,54,male,3,4,2,24,3,4,4,2,1,0,4,0,0,1,1,0,0,1,717,501,83,1,0.939200424,T,,,,
309,58,male,0,0,1,24,2,4,4,1,1,0,4,1,0,1,1,0,1,0,1755,1053,211,1,0.794730371,T,,,,
773,25,male,0,0,2,18,2,4,2,2,1,1,4,0,1,0,0,0,0,4,1882,1317,-576,0,0.258405824,T,,,,
441,43,female,1,4,1,18,3,4,4,2,2,0,4,0,0,1,0,0,0,1,2899,2609,826,1,0.639596686,T,,,,
117,30,female,3,0,2,18,4,1,1,2,1,0,4,0,0,1,0,0,0,1,1055,844,164,1,0.710124461,T,,,,
764,21,female,3,0,2,60,3,4,3,2,1,0,2,0,0,1,1,0,0,4,15653,7826,937,1,0.464485914,T,,,,
470,28,male,3,0,1,24,2,2,3,2,1,0,4,0,0,1,1,0,0,4,2284,1827,525,1,0.872064054,T,,,,
900,23,male,0,0,1,45,2,4,2,2,1,0,4,0,0,0,1,0,0,4,1845,1476,-884,0,0.300579503,T,,,,
562,48,male,1,4,1,48,0,2,2,3,1,0,2,0,1,1,1,0,0,6,12204,12204,3488,1,0.341554539,T,,,,
336,28,female,0,0,2,12,0,2,2,2,1,1,4,0,0,0,1,0,0,4,6199,3719,-1466,0,0.090323499,T,,,,
349,30,female,3,3,2,15,3,2,3,2,1,0,3,0,0,1,0,0,0,3,960,960,195,1,0.956264495,T,,,,
72,32,male,3,2,2,18,4,3,4,3,1,0,4,0,1,1,1,0,0,4,629,440,56,1,0.952618969,T,,,,
857,41,male,1,4,2,48,2,1,3,2,2,0,4,0,0,1,1,0,0,4,3979,2785,481,1,0.850085,T,,,,
474,37,male,3,0,1,4,4,1,3,2,2,0,1,0,0,1,0,0,1,1,3380,2704,589,1,0.982866506,T,,,,
168,31,female,3,1,2,36,2,2,3,2,1,0,2,0,0,1,1,0,0,6,5742,5742,1198,1,0.860641066,T,,,,
872,31,male,2,4,2,24,4,2,2,2,1,0,3,0,0,1,1,0,0,4,3148,1574,135,1,0.962782395,T,,,,
788,28,male,3,0,1,36,2,2,4,2,1,0,4,0,0,1,0,0,0,4,3595,2876,790,1,0.642288156,T,,,,
455,61,female,3,0,2,12,4,4,4,1,1,0,4,0,0,1,0,0,1,1,1255,627,87,1,0.89725876,T,,,,
783,36,female,3,0,2,18,0,2,2,2,2,0,2,0,1,1,0,0,0,6,4165,3748,-3135,0,0.538723136,T,,,,
822,24,female,0,0,1,24,2,2,2,1,1,1,2,0,0,0,0,0,1,3,3021,2114,402,1,0.388142891,T,,,,
625,52,male,3,0,3,12,4,4,4,2,1,0,4,0,0,1,0,0,1,4,717,573,79,1,0.95360942,T,,,,
234,24,male,1,1,1,60,2,2,1,3,1,0,4,0,0,1,0,0,0,1,7408,5926,-3545,0,0.027621858,T,,,,
484,25,male,2,0,1,15,2,3,1,1,1,0,2,0,0,1,0,0,1,4,2327,2327,-772,0,0.844053724,T,,,,
952,36,female,3,4,2,6,4,4,4,2,1,0,4,0,0,0,0,0,0,4,700,350,29,1,0.973319788,T,,,,
73,34,male,2,0,2,9,0,2,1,3,1,0,4,0,0,1,1,0,0,4,1337,1203,-479,0,0.478549898,T,,,,
539,25,female,3,0,2,18,4,1,2,2,1,0,2,0,0,1,0,0,0,4,2238,1342,149,1,0.967441133,T,,,,
553,30,male,1,0,2,26,2,3,1,2,1,0,2,0,0,1,0,0,0,2,7966,4779,456,1,0.415360375,T,,,,
15,27,female,2,3,1,6,2,2,1,0,1,0,2,0,0,1,0,1,1,1,709,496,93,1,0.9855949,T,,,,
762,37,male,0,0,3,6,4,3,2,2,2,1,1,0,0,0,0,0,1,1,3676,2940,308,1,0.575799572,T,,,,
294,30,male,3,0,2,9,4,1,2,2,1,0,3,0,0,1,0,0,1,1,1224,1101,221,1,0.936419187,T,,,,
62,22,male,0,1,1,12,2,3,0,2,1,0,4,0,0,1,0,0,0,0,741,518,-192,0,0.294249215,T,,,,
941,28,female,2,2,3,12,4,2,3,2,1,0,4,0,0,1,1,0,1,1,939,751,-250,0,0.839492019,T,,,,
644,23,female,3,2,1,6,2,4,3,1,1,1,2,0,0,0,0,0,1,0,660,660,200,1,0.967441384,T,,,,
35,24,male,1,0,2,24,4,4,1,2,1,0,2,0,0,0,1,0,0,5,5743,4020,674,1,0.235312705,T,,,,
381,35,male,3,4,2,12,4,4,4,2,1,0,4,0,0,1,0,0,0,4,976,488,52,1,0.9804285,T,,,,
814,35,female,1,4,3,15,4,2,3,2,1,0,4,1,1,1,1,0,1,4,2728,2728,362,1,0.935988616,T,,,,
820,36,female,1,4,1,24,2,4,4,2,1,0,4,0,1,0,1,0,0,2,2760,1656,394,1,0.833356853,T,,,,
697,23,male,1,2,2,27,4,2,2,1,1,0,4,0,0,1,0,0,0,4,2520,2016,-647,0,0.621518268,T,,,,
846,27,male,0,0,1,6,2,1,1,2,1,0,4,0,0,1,0,0,1,0,343,308,98,1,0.581342622,T,,,,
665,32,male,0,0,2,30,0,2,2,2,1,0,2,1,0,1,0,0,1,3,4583,3208,534,1,0.281068876,T,,,,
31,54,female,3,0,1,6,2,4,0,0,1,0,1,0,0,1,1,0,1,1,672,470,116,1,0.959286053,T,,,,
549,47,female,1,0,1,6,3,4,0,3,1,0,4,0,0,1,1,0,0,1,1209,967,-475,0,0.346662582,T,,,,
28,32,female,3,4,1,18,2,3,3,2,1,0,4,0,0,1,0,1,0,1,2662,1863,485,1,0.978279801,T,,,,
735,23,female,1,2,1,24,2,4,0,0,1,1,1,0,0,0,0,0,0,4,3758,2254,384,1,0.6980883,T,,,,
148,23,female,0,0,1,6,2,4,1,2,1,0,4,0,0,1,0,0,0,5,448,268,-220,0,0.137252431,T,,,,
772,32,male,3,0,1,18,2,2,2,3,1,0,4,0,0,0,1,0,0,4,1505,1354,419,1,0.812600418,T,,,,
572,63,male,3,4,2,30,4,4,4,2,1,0,1,0,0,1,0,0,0,2,7596,4557,658,1,0.992719165,T,,,,
284,29,male,0,0,2,45,0,4,4,2,1,1,2,0,0,0,0,0,0,6,11816,7089,-4581,0,0.05213805,T,,,,
334,24,female,3,1,2,48,4,4,2,1,1,1,2,0,1,0,0,0,0,2,11590,11590,-4476,0,0.719082802,T,,,,
980,35,female,1,4,1,9,2,2,1,0,1,0,4,0,0,1,0,0,1,1,1549,929,192,1,0.72790988,T,,,,
268,42,male,3,0,1,60,2,4,4,3,1,0,2,0,0,1,1,0,0,1,10366,7256,1522,1,0.41246378,T,,,,
93,28,male,3,0,2,18,4,2,2,2,1,0,4,0,0,1,0,0,0,3,1817,1453,207,1,0.829445496,T,,,,
756,29,male,3,4,2,21,0,4,2,2,1,0,1,0,1,1,1,0,0,1,5003,3502,-1636,0,0.789613984,T,,,,
300,23,male,0,4,2,18,2,4,3,1,1,1,2,0,0,0,0,0,0,4,1936,1936,504,1,0.873617194,T,,,,
834,28,female,0,0,1,24,2,4,2,2,1,0,4,0,0,1,0,0,0,3,4169,2501,599,1,0.252328889,T,,,,
976,35,female,0,0,2,12,4,3,4,2,1,0,4,0,0,1,0,0,0,1,691,414,-225,0,0.448382693,T,,,,
241,27,male,3,0,2,24,3,2,1,2,1,0,2,0,1,1,1,0,0,6,8648,6918,-4433,0,0.533392294,T,,,,
33,28,male,1,0,2,30,4,2,0,3,1,0,4,0,0,1,0,0,0,1,4249,2549,-1157,0,0.087491968,T,,,,
883,47,male,0,4,1,36,2,4,4,2,1,0,3,0,0,0,0,0,0,2,8335,5001,-2571,0,0.689073695,T,,,,
437,25,male,0,0,1,18,2,1,0,0,1,0,4,0,0,1,0,0,0,3,2473,1978,-1048,0,0.512877924,T,,,,
792,68,male,0,0,1,6,2,4,4,3,1,0,1,0,1,1,1,0,0,1,14896,13406,-7231,0,0.265784666,T,,,,
848,39,female,1,1,1,12,2,4,3,1,1,0,3,0,0,1,0,0,1,6,1037,622,116,1,0.902991261,T,,,,
217,36,female,3,2,2,15,2,3,3,2,1,0,4,0,0,1,1,0,0,0,1262,757,72,1,0.930196305,T,,,,
108,46,male,3,4,2,7,4,2,4,1,1,1,4,0,0,0,1,0,0,4,730,511,85,1,0.981924192,T,,,,
781,65,female,3,4,4,12,4,4,4,2,1,0,4,0,0,1,0,0,1,4,930,837,49,1,0.983039008,T,,,,
993,43,male,0,0,2,12,3,2,2,1,2,0,4,0,0,1,0,0,1,1,1344,940,158,1,0.305807902,T,,,,
209,24,male,3,1,1,18,2,4,2,1,1,1,3,0,0,0,0,0,0,6,1568,1254,363,1,0.885696351,T,,,,
338,63,male,3,4,1,60,4,4,4,3,1,0,2,0,1,0,1,0,0,1,13756,8253,1802,1,0.723376492,T,,,,
609,27,male,1,0,2,18,4,1,1,2,1,0,4,0,0,1,0,0,0,3,1295,777,82,1,0.61506808,T,,,,
584,48,male,0,0,2,12,0,4,2,2,1,0,4,0,1,1,0,0,0,1,1082,757,-337,0,0.124731308,T,,,,
824,35,male,3,0,2,12,4,2,2,2,1,0,4,0,0,1,0,0,0,4,1291,903,173,1,0.905014776,T,,,,
568,26,male,3,0,1,30,4,4,3,3,1,1,4,0,0,0,1,0,0,4,4530,2718,593,1,0.917706348,T,,,,
434,23,female,0,0,2,24,0,4,4,2,2,1,3,0,1,0,0,0,0,3,4110,3699,-2183,0,0.066616441,T,,,,
201,49,male,3,0,1,12,4,3,3,1,2,0,2,0,0,1,0,0,1,5,2096,1467,383,1,0.968684513,T,,,,
354,26,female,3,1,1,24,2,3,3,2,1,0,4,0,0,1,1,0,0,4,1311,1048,306,1,0.930119913,T,,,,
357,37,male,1,4,1,36,2,4,2,2,1,0,1,0,0,0,1,0,0,1,12389,8672,-3366,0,0.394752153,T,,,,
755,32,female,3,0,1,24,2,1,3,2,2,0,3,0,1,1,0,0,0,4,1552,931,158,1,0.925918554,T,,,,
973,36,female,2,3,2,24,4,4,2,2,1,0,2,0,0,1,1,0,1,6,1275,892,116,1,0.985477211,T,,,,
514,38,female,3,4,2,12,4,2,4,2,1,0,4,0,0,1,1,0,1,4,1240,868,130,1,0.981542503,T,,,,
116,38,female,3,0,1,10,2,4,2,2,1,0,1,0,0,1,1,1,0,4,1924,1539,381,1,0.99375363,T,,,,
643,29,male,3,0,2,28,4,2,4,2,1,0,4,0,0,1,0,0,0,4,2743,2194,392,1,0.824502354,T,,,,
962,49,male,3,0,1,12,2,2,2,1,1,0,4,0,0,1,0,0,1,1,640,320,44,1,0.769573694,T,,,,
853,31,female,0,0,1,36,2,4,2,2,1,1,4,0,0,0,0,0,0,4,2302,1841,-888,0,0.27401995,T,,,,
701,35,female,1,0,1,36,2,2,2,3,1,1,2,0,0,0,1,0,0,2,6948,4863,1231,1,0.579168676,T,,,,
668,33,male,3,0,1,24,4,4,4,2,1,0,4,0,0,1,1,0,0,3,5150,3605,876,1,0.87110343,T,,,,
439,26,male,3,1,2,30,3,2,2,1,1,0,2,0,0,1,0,0,0,6,4272,2563,249,1,0.868475422,T,,,,
197,47,male,1,0,2,21,3,4,2,2,1,0,1,0,0,1,0,0,0,1,2353,2117,405,1,0.687371887,T,,,,
220,36,male,1,0,1,27,2,2,2,2,2,0,4,0,0,1,1,0,0,6,3915,1957,-1448,0,0.415222986,T,,,,
462,22,female,3,0,1,18,3,1,3,2,1,0,4,0,0,1,0,0,1,3,1808,1265,-751,0,0.944828533,T,,,,
994,46,female,3,4,2,24,4,4,2,3,2,0,2,0,0,1,1,0,0,2,6842,5473,894,1,0.988540928,T,,,,
235,25,female,1,2,1,18,2,3,1,2,1,1,1,0,0,0,0,0,1,4,3213,1927,434,1,0.644567551,T,,,,
513,30,male,0,0,2,12,4,2,2,2,1,0,4,0,0,1,0,0,0,1,2121,1908,349,1,0.301205058,T,,,,
752,23,male,3,0,2,36,4,4,1,2,1,1,2,0,0,0,1,0,0,3,7127,4988,-1596,0,0.633671754,T,,,,
173,24,male,1,3,1,6,1,2,1,2,2,1,4,0,1,0,0,0,0,5,433,389,-328,0,0.066786111,T,,,,
83,27,male,3,0,2,12,2,2,2,2,1,0,3,0,0,1,1,0,1,1,1101,990,198,1,0.741209229,T,,,,
673,47,female,3,2,2,15,4,2,2,1,1,0,2,0,0,1,0,0,0,4,1316,921,135,1,0.969609348,T,,,,
407,26,male,3,0,1,24,2,4,1,2,1,0,4,0,0,1,1,0,0,4,3181,2544,598,1,0.670437507,T,,,,
324,25,male,1,0,1,18,2,2,2,1,1,0,4,1,0,1,0,0,1,4,866,779,199,1,0.695328999,T,,,,
185,28,male,3,0,2,21,3,2,2,1,1,0,3,0,1,1,0,0,1,2,2993,2095,359,1,0.907764289,T,,,,
922,64,female,3,0,1,10,2,4,2,2,1,0,2,0,0,1,1,0,0,1,1364,1364,373,1,0.920048129,T,,,,
180,41,female,3,4,1,24,2,4,4,3,2,0,3,0,0,1,1,0,0,2,6313,6313,2196,1,0.968196693,T,,,,
464,25,male,1,0,1,24,2,4,1,1,1,0,3,0,0,1,1,0,0,1,1355,948,-325,0,0.278440672,T,,,,
493,55,male,0,0,1,24,1,1,1,2,1,0,2,0,1,1,1,0,0,3,6872,6184,-2721,0,0.211684053,T,,,,
444,25,male,0,0,1,9,2,2,2,2,1,0,3,0,0,1,0,0,1,3,2136,1708,481,1,0.50321508,T,,,,
167,23,male,0,4,1,12,2,2,2,2,1,0,4,0,0,1,0,0,0,1,900,900,-491,0,0.46370146,T,,,,
982,26,male,0,0,1,18,2,3,2,2,1,0,4,0,1,1,0,0,1,4,1345,807,-352,0,0.496089584,T,,,,
995,31,female,3,1,2,24,2,4,4,2,1,0,2,0,0,1,0,0,0,4,3621,3258,-1327,0,0.87419711,T,,,,
291,42,female,3,4,2,36,4,4,4,2,1,0,2,0,0,0,0,0,0,2,10477,5238,604,1,0.948968121,T,,,,
653,31,male,3,1,1,15,4,3,2,2,1,0,4,0,0,1,0,0,0,5,1532,766,126,1,0.862949775,T,,,,
833,31,male,2,0,1,36,2,2,4,2,1,0,4,0,0,1,0,0,0,4,4473,4473,1355,1,0.546530051,T,,,,
867,43,male,0,0,2,12,4,4,4,2,1,1,3,0,0,0,1,0,0,1,4843,4358,-1482,0,0.428514648,T,,,,
839,27,female,1,2,1,15,4,4,2,2,1,0,2,0,1,1,0,0,0,6,2326,1860,519,1,0.862035977,T,,,,
862,21,female,1,1,1,30,2,4,2,2,1,1,2,0,0,0,0,0,0,3,3441,2752,-1151,0,0.489475142,T,,,,
657,36,male,0,0,1,12,2,3,3,2,1,0,2,0,0,1,0,0,0,1,1372,1234,-428,0,0.652247292,T,,,,
56,23,male,3,4,2,12,4,4,3,2,1,0,4,0,0,1,0,0,1,0,996,498,68,1,0.987246307,T,,,,
25,29,male,0,4,1,24,2,2,4,2,1,0,4,0,1,1,0,0,0,1,915,915,-337,0,0.359967602,T,,,,
81,54,male,3,0,2,24,4,4,4,2,2,0,4,0,0,0,0,0,0,5,1597,1597,401,1,0.712618127,T,,,,
472,27,male,1,0,1,60,2,2,3,3,1,0,4,0,0,1,1,0,0,1,14027,7013,-2463,0,0.037123128,T,,,,
898,47,male,3,0,2,24,3,4,4,1,2,0,4,0,0,1,0,0,0,1,2538,2284,-904,0,0.647680796,T,,,,
985,57,male,0,0,1,12,2,4,4,1,1,0,4,0,1,1,0,0,1,4,709,425,-142,0,0.702393487,T,,,,
647,29,male,0,0,1,24,3,2,1,1,1,1,4,0,0,0,1,0,0,4,1659,1493,-819,0,0.299441653,T,,,,
480,32,female,3,2,1,24,2,3,4,2,1,1,4,0,0,0,1,0,0,3,3062,1531,317,1,0.771891508,T,,,,
928,29,male,3,1,1,24,2,4,2,3,1,1,4,0,0,0,1,0,0,4,1901,1330,310,1,0.86588063,T,,,,
3,48,male,3,0,3,9,4,4,2,2,1,0,4,0,0,1,1,0,0,1,2134,1920,268,1,0.839153503,T,,,,
179,60,female,3,3,1,24,4,4,4,2,1,0,4,0,0,1,1,0,1,1,1940,1746,466,1,0.959628307,T,,,,
161,30,male,1,0,1,9,2,1,2,2,1,0,4,0,0,1,0,0,0,3,918,734,-284,0,0.725131737,T,,,,
384,42,female,1,4,1,24,2,4,4,2,1,0,2,0,0,1,1,0,0,4,5084,3558,936,1,0.895055825,T,,,,
436,46,male,3,2,1,10,2,4,4,2,1,0,4,0,0,0,1,0,0,5,727,508,136,1,0.794184752,T,,,,
720,27,female,1,1,4,12,2,4,1,2,1,1,4,0,1,0,0,0,0,3,951,570,-263,0,0.131615021,T,,,,
260,36,male,3,3,1,21,2,4,4,1,1,0,4,0,1,1,0,0,1,6,1572,1100,265,1,0.937813012,T,,,,
60,58,female,0,0,4,12,4,3,3,1,1,0,4,0,0,1,1,0,1,4,385,308,19,1,0.887749301,T,,,,
448,33,male,1,0,1,18,4,2,2,2,1,0,4,0,0,1,0,0,0,4,1245,996,-453,0,0.741596008,T,,,,
488,29,female,0,0,1,12,2,2,2,1,2,0,2,0,0,1,0,0,0,3,3590,3231,881,1,0.418454979,T,,,,
181,48,male,1,0,2,18,4,4,4,1,1,1,3,1,1,0,1,0,1,4,1795,1615,282,1,0.901142402,T,,,,
510,58,female,1,0,1,54,0,4,1,2,1,1,3,0,0,0,1,0,0,6,15945,7972,-6114,0,0.025131726,T,,,,
133,32,male,0,0,1,24,2,3,1,2,1,0,4,0,0,1,0,0,0,4,1938,1550,-696,0,0.293766077,T,,,,
618,42,male,0,0,1,12,2,1,2,2,1,0,2,0,0,1,0,0,0,3,2577,2061,502,1,0.789572372,T,,,,
428,34,female,0,0,1,30,2,1,1,1,1,0,1,0,0,1,1,0,0,0,11998,10798,-4141,0,0.306415533,T,,,,
547,63,male,0,0,1,24,2,4,2,2,2,0,3,1,1,1,1,0,0,2,2924,2046,488,1,0.83829667,T,,,,
827,45,male,0,0,1,14,2,4,4,3,1,0,1,0,0,1,1,1,0,1,8978,7182,-3830,0,0.792799392,T,,,,
279,31,male,1,0,1,12,0,2,2,1,1,0,2,0,0,1,1,0,1,0,1410,846,161,1,0.686103985,T,,,,
658,27,female,1,0,1,12,2,1,3,2,1,0,2,0,0,1,0,0,1,4,2930,2051,492,1,0.910202333,T,,,,
948,44,male,0,0,2,15,4,4,4,2,2,0,4,0,0,1,1,0,0,3,1478,886,137,1,0.683521522,T,,,,
611,39,male,3,0,2,18,1,4,4,3,2,0,2,0,1,1,1,0,0,1,6458,6458,-2804,0,0.331827278,T,,,,
721,26,female,1,0,1,12,4,3,3,2,1,0,4,0,0,1,0,0,0,0,1424,1424,390,1,0.849670908,T,,,,
150,42,male,1,0,2,27,0,4,4,3,1,0,2,0,0,0,1,0,0,6,8318,7486,-5624,0,0.29464375,T,,,,
932,27,female,0,0,2,15,3,4,4,1,1,0,1,0,0,1,0,0,0,3,3643,3643,855,1,0.664412214,T,,,,
169,37,male,3,4,1,12,2,4,2,2,1,0,4,0,0,0,1,0,0,4,2279,1595,426,1,0.95389734,T,,,,
598,57,female,2,2,1,24,2,3,2,1,1,0,3,0,0,1,0,0,0,4,1258,1006,250,1,0.92755255,T,,,,
823,22,female,3,0,1,9,2,2,3,2,1,0,4,0,0,1,0,0,0,4,1478,1034,-372,0,0.860045415,T,,,,
702,25,male,0,4,3,30,0,3,1,2,1,0,2,0,1,1,0,0,0,6,8072,5650,351,1,0.147763281,T,,,,
530,26,female,1,0,1,48,2,2,1,2,1,0,1,0,0,1,1,0,0,3,9960,7968,-2393,0,0.137885949,T,,,,
956,31,female,1,0,2,18,4,2,1,1,1,0,2,0,0,1,0,0,1,3,1928,1735,-849,0,0.630362827,T,,,,
789,23,male,1,0,1,48,2,2,2,2,1,0,2,0,0,1,1,0,0,6,15672,14104,-12029,0,0.115809925,T,,,,
91,43,male,0,0,1,16,4,4,4,2,1,1,2,1,1,0,1,0,0,1,2625,2625,-1254,0,0.701133364,T,,,,
164,44,female,0,0,1,18,1,3,2,2,1,0,4,0,1,1,0,0,0,3,1553,931,-366,0,0.183433509,T,,,,
544,25,male,1,4,1,12,2,1,2,2,1,0,2,0,0,1,1,0,1,4,1484,890,-456,0,0.974915582,T,,,,
479,60,female,1,4,1,20,2,4,0,3,1,0,1,0,0,1,1,0,1,2,6468,6468,2006,1,0.932214487,T,,,,
825,26,female,2,0,1,24,2,2,2,2,1,0,2,0,0,1,0,0,1,3,1925,1732,535,1,0.80431394,T,,,,
119,30,male,1,0,2,36,3,2,2,3,1,0,2,0,1,1,1,0,1,6,4455,4455,-2746,0,0.626055616,T,,,,
920,40,male,1,0,1,18,3,3,4,3,1,0,4,0,0,1,1,0,0,3,4297,3437,-1255,0,0.674662771,T,,,,
790,35,female,3,3,1,12,4,2,3,2,1,0,3,0,0,1,0,1,0,3,1592,955,167,1,0.996238407,T,,,,
607,29,male,3,0,1,12,2,2,1,2,1,0,2,0,1,1,0,0,0,4,2171,1953,592,1,0.753303391,T,,,,
731,33,male,0,1,1,12,2,3,1,1,1,0,4,0,0,1,1,0,0,4,727,654,-340,0,0.564080779,T,,,,
638,34,female,3,0,2,18,3,3,0,2,1,0,2,0,0,1,0,0,1,4,2320,2088,348,1,0.83104799,T,,,,
89,38,male,3,0,1,24,2,3,3,3,1,0,3,0,0,1,1,0,0,2,7814,7032,2237,1,0.94484112,T,,,,
533,39,male,0,0,2,8,4,4,3,1,1,0,1,0,0,1,0,1,1,1,3398,3398,819,1,0.967352022,T,,,,
981,26,male,1,0,2,15,0,1,1,0,1,1,2,0,0,0,0,0,1,1,1778,1066,-428,0,0.482916398,T,,,,
690,28,male,0,0,1,21,2,4,1,3,1,1,4,0,0,0,1,0,0,4,2606,2084,507,1,0.272307699,T,,,,
648,24,male,3,2,1,39,2,4,2,2,1,0,4,0,0,1,0,0,0,2,2569,2312,557,1,0.870957845,T,,,,
71,29,female,3,2,1,12,2,4,2,1,1,1,4,0,0,0,0,0,0,3,1123,1010,-535,0,0.809206011,T,,,,
639,21,male,3,4,1,18,2,2,1,2,1,1,4,0,0,0,1,0,1,4,1126,675,120,1,0.872381957,T,,,,
315,22,male,0,0,1,18,2,2,2,2,1,0,2,0,0,1,0,0,0,3,2462,1231,-464,0,0.469762094,T,,,,
831,24,female,1,0,1,8,2,4,2,2,1,0,3,0,0,1,0,0,1,3,1237,989,-430,0,0.679818994,T,,,,
414,21,female,3,1,1,60,2,4,3,2,1,0,2,0,0,1,1,0,1,4,10144,8115,2159,1,0.767816737,T,,,,
663,41,male,2,0,1,6,2,2,2,2,1,0,2,0,0,1,1,0,1,3,2116,1692,476,1,0.925785169,T,,,,
570,50,male,3,2,1,6,2,4,2,2,1,1,2,0,0,0,0,0,0,2,1236,988,243,1,0.980426045,T,,,,
972,31,female,1,1,2,20,0,4,4,2,1,0,3,0,1,1,1,0,0,2,6148,4918,809,1,0.437259461,T,,,,
546,29,female,3,0,1,24,2,1,1,3,1,0,4,0,0,1,1,0,0,2,2679,1339,281,1,0.89234094,T,,,,
674,23,male,1,0,2,24,2,4,2,3,1,1,1,0,0,0,0,0,0,2,11560,9248,-4648,0,0.473230163,T,,,,
574,29,male,1,4,1,36,1,2,1,0,1,0,3,0,1,1,0,0,0,0,3990,3990,1326,1,0.456349411,T,,,,
705,23,male,0,2,1,6,2,2,0,0,1,1,1,0,0,0,1,0,0,2,1352,811,141,1,0.887095173,T,,,,
670,29,male,1,0,2,12,2,3,3,2,1,0,4,1,0,1,0,1,1,4,1103,882,123,1,0.964250358,T,,,,
832,32,male,3,0,2,12,4,2,2,2,1,0,4,0,0,1,0,0,0,5,701,350,49,1,0.74966091,T,,,,
770,38,male,3,0,1,12,4,2,0,0,1,0,1,0,0,1,0,0,0,1,926,740,163,1,0.943947401,T,,,,
392,28,male,3,3,1,11,2,2,4,2,1,0,1,0,0,1,1,0,1,6,2142,1499,344,1,0.984069811,T,,,,
281,24,female,0,0,2,20,4,4,4,2,1,0,1,0,0,1,0,0,0,3,4272,4272,1000,1,0.693395746,T,,,,
5,30,female,3,2,1,30,2,2,4,3,1,0,4,0,1,1,0,0,0,4,2333,1166,235,1,0.712579971,T,,,,
964,26,male,0,0,2,42,3,2,3,2,2,0,3,0,1,1,1,0,0,4,4370,3933,-1461,0,0.370342169,T,,,,
925,22,male,3,0,1,18,2,4,0,2,1,1,3,0,0,0,0,0,1,4,433,346,-116,0,0.70604711,T,,,,
20,54,male,3,3,3,24,2,3,2,3,1,0,2,0,0,1,1,0,0,6,4591,4131,-2912,0,0.96244389,T,,,,
183,24,male,2,0,1,12,2,1,2,2,1,0,3,0,0,1,0,0,0,4,3016,2412,567,1,0.897289935,T,,,,
694,28,male,2,0,1,9,2,2,2,1,1,0,3,0,0,1,0,0,1,4,745,447,-200,0,0.890930063,T,,,,
79,25,male,1,0,2,39,4,2,3,2,1,0,2,1,0,1,0,0,1,4,4933,3946,-2365,0,0.834633984,T,,,,
687,27,male,0,0,1,18,2,1,1,2,1,0,4,0,1,1,0,0,0,4,2389,2150,676,1,0.327887702,T,,,,
69,56,male,3,0,1,6,2,2,1,2,1,0,1,0,0,1,0,0,0,5,1538,1230,364,1,0.805897589,T,,,,
473,21,female,3,0,1,27,2,3,2,2,1,1,3,0,0,0,0,0,1,1,2570,1799,-1039,0,0.570897463,T,,,,
798,42,female,1,4,2,18,3,2,4,2,1,0,4,0,0,1,0,0,0,6,2427,2184,485,1,0.798887222,T,,,,
296,28,female,1,2,1,24,2,4,1,2,1,1,3,0,0,0,0,0,0,2,4113,2879,-1160,0,0.472026613,T,,,,
909,28,male,0,0,2,12,0,3,3,2,1,0,4,0,0,1,0,0,1,0,1108,1108,-368,0,0.466330269,T,,,,
132,25,female,3,1,1,24,2,1,2,2,1,0,4,0,1,1,0,0,0,3,5511,3306,723,1,0.706641652,T,,,,
42,20,male,1,0,1,24,2,4,4,2,1,0,4,0,0,1,1,0,0,4,1967,1376,301,1,0.57378695,T,,,,
894,42,male,1,0,1,60,2,4,2,2,1,0,4,0,0,0,0,0,0,5,6288,5659,-3994,0,0.064845906,T,,,,
966,41,male,1,0,1,18,4,1,4,2,1,0,2,0,0,1,1,0,0,3,6361,5088,1098,1,0.892315632,T,,,,
887,37,male,3,4,2,36,2,2,4,2,1,0,3,0,0,1,0,0,0,6,7409,4445,671,1,0.819134764,T,,,,
397,35,male,3,2,2,24,2,2,4,2,1,0,3,0,1,1,1,0,0,4,2397,1677,-538,0,0.831979496,T,,,,
264,23,female,1,4,1,15,2,1,1,2,1,0,4,0,0,1,0,0,0,4,1444,1010,194,1,0.770449381,T,,,,
177,24,female,0,0,2,18,4,4,2,2,1,1,4,0,0,0,0,0,1,3,2124,1486,-587,0,0.466578443,T,,,,
368,24,male,3,2,1,6,4,2,2,2,1,0,1,0,0,1,0,0,0,1,2080,1872,568,1,0.936924608,T,,,,
433,36,female,3,0,2,18,4,3,2,2,1,0,4,0,0,1,0,0,1,1,1028,925,153,1,0.826674752,T,,,,
139,38,male,1,0,1,18,2,4,0,3,1,0,3,0,0,0,1,0,0,2,12976,6488,-3587,0,0.188819336,T,,,,
520,34,male,1,0,2,9,4,3,4,3,1,0,2,0,0,1,1,0,0,5,1501,1200,-764,0,0.812198215,T,,,,
320,29,male,3,0,1,6,2,2,3,2,1,1,2,0,0,0,0,0,1,4,2108,1897,606,1,0.945107931,T,,,,
115,30,male,1,0,1,36,2,1,1,3,1,0,4,0,0,1,1,0,0,4,4795,3356,805,1,0.412060642,T,,,,
453,26,female,1,0,1,18,2,4,2,1,2,0,4,1,0,1,0,0,1,4,1113,1113,371,1,0.687178898,T,,,,
450,39,male,0,0,2,12,4,2,2,1,2,1,3,0,0,0,0,1,1,1,2122,1061,133,1,0.774061066,T,,,,
551,27,female,3,4,1,10,2,4,2,1,1,0,4,1,0,1,0,0,0,1,1309,785,-396,0,0.910715877,T,,,,
396,26,male,3,0,2,36,2,2,0,3,1,0,4,0,0,1,1,0,0,3,10974,6584,-2944,0,0.106445956,T,,,,
799,64,female,3,1,1,13,2,4,0,2,1,0,2,0,0,1,0,0,1,4,1409,845,197,1,0.925423959,T,,,,
813,34,male,1,0,2,12,4,2,0,3,1,0,4,0,0,1,1,0,0,2,1860,1302,211,1,0.673961421,T,,,,
159,49,female,1,0,2,12,4,3,1,1,2,0,1,0,1,1,0,0,1,1,3124,3124,616,1,0.58047805,T,,,,
606,52,female,1,4,1,12,2,1,0,3,1,0,2,0,0,1,1,0,0,4,6468,4527,-2129,0,0.863774711,T,,,,
495,46,female,0,0,1,15,2,1,1,2,1,1,4,1,0,0,0,0,0,3,1845,1660,426,1,0.444238881,T,,,,
109,47,male,3,2,1,15,2,3,4,2,1,0,4,0,1,1,1,0,0,4,1213,1091,261,1,0.925510084,T,,,,
519,31,male,3,0,2,15,4,2,2,2,1,0,4,0,0,1,0,0,0,4,1360,1088,217,1,0.890587846,T,,,,
740,46,male,0,0,2,36,4,2,2,2,1,0,3,0,0,1,1,0,0,3,2348,1408,201,1,0.617083375,T,,,,
393,30,male,1,0,1,12,2,4,3,2,2,1,3,0,0,0,1,0,0,1,2002,1801,465,1,0.512600439,T,,,,
704,37,male,2,0,1,18,2,2,2,2,1,0,4,0,1,1,0,0,1,4,2100,1890,-832,0,0.73986767,T,,,,
936,23,female,0,0,1,30,2,4,3,2,1,1,4,0,0,0,0,0,1,3,2406,1924,-1024,0,0.372134308,T,,,,
112,23,male,2,0,1,15,2,4,1,2,1,1,4,0,0,0,1,0,0,5,392,352,91,1,0.378233795,T,,,,
27,27,male,0,0,1,12,2,2,2,2,1,0,2,0,0,1,0,0,1,3,1657,1491,429,1,0.621733291,T,,,,
222,50,male,0,0,2,27,0,4,0,2,1,0,2,0,1,1,1,0,0,6,5293,4763,-4064,0,0.13351203,T,,,,
266,45,female,0,0,1,24,2,1,4,2,1,0,4,0,0,1,0,0,1,1,2303,2072,-968,0,0.397936061,T,,,,
158,38,female,3,0,1,30,4,2,3,2,1,0,3,0,0,1,0,0,0,4,5954,4167,835,1,0.902778358,T,,,,
765,26,male,3,2,1,12,2,2,2,2,1,0,2,0,0,1,0,0,0,1,1386,1247,-605,0,0.802546238,T,,,,
654,75,female,0,4,1,6,2,3,0,3,1,0,4,0,0,1,1,0,0,1,1374,1374,440,1,0.60461234,T,,,,
386,32,female,0,0,2,18,1,4,3,1,2,0,4,0,0,0,0,0,0,1,1442,1009,-573,0,0.072885694,T,,,,
175,23,female,1,0,1,10,1,4,2,1,1,0,4,0,1,1,0,0,1,4,1048,838,186,1,0.330551014,T,,,,
712,27,male,0,4,2,10,4,3,1,2,1,1,2,0,0,0,0,1,1,3,2132,1492,229,1,0.964405295,T,,,,
261,34,female,1,0,1,24,1,4,3,1,1,0,4,0,1,0,0,0,0,5,1837,1102,-822,0,0.10189696,T,,,,
166,37,female,1,0,1,12,2,2,2,1,1,0,4,0,0,1,0,0,0,3,1922,1345,-494,0,0.466240054,T,,,,
552,37,female,0,0,2,6,4,3,3,2,1,0,4,0,0,1,0,1,0,1,609,609,119,1,0.899841024,T,,,,
340,31,male,0,0,1,6,4,4,3,2,1,0,1,0,0,1,0,0,0,4,1957,1369,292,1,0.950368766,T,,,,
92,34,female,3,0,2,36,3,4,2,2,1,0,4,0,0,1,0,0,1,4,4454,3117,397,1,0.753152491,T,,,,
412,35,male,0,2,1,12,2,1,4,2,1,0,3,0,0,1,0,0,1,4,1680,1344,349,1,0.850885163,T,,,,
99,49,male,1,0,1,30,4,2,3,2,1,0,2,0,0,1,0,0,0,3,8386,8386,-3751,0,0.727293296,T,,,,
516,20,male,0,0,1,12,2,4,2,2,1,1,2,0,0,0,0,0,0,3,1282,769,-302,0,0.550086734,T,,,,
128,37,male,3,2,1,12,4,4,3,2,1,1,3,0,0,0,1,0,0,3,1402,1261,397,1,0.978435695,T,,,,
646,36,male,0,0,2,11,4,2,2,2,2,1,2,0,0,0,0,0,1,1,3905,3514,636,1,0.392428367,T,,,,
919,33,male,1,0,2,18,0,4,2,2,1,0,1,0,1,1,1,0,0,3,3244,2919,702,1,0.512299018,T,,,,
943,55,male,0,0,3,18,4,4,0,0,2,0,2,0,0,0,0,0,0,0,1190,833,-394,0,0.751079239,T,,,,
805,39,male,3,0,2,11,4,4,2,1,1,0,1,0,0,1,0,0,0,1,7228,6505,1165,1,0.86832298,T,,,,
192,25,male,1,0,1,24,4,4,1,1,1,0,2,0,1,1,0,0,0,3,4736,4262,-1718,0,0.50713541,T,,,,
410,54,female,1,3,1,12,2,4,4,2,1,0,4,0,0,1,1,0,1,1,1318,1186,348,1,0.76910217,T,,,,
85,29,male,0,0,1,36,2,2,3,2,1,0,4,0,0,1,0,0,0,3,5179,4143,-2232,0,0.243112718,T,,,,
213,24,female,3,0,1,12,2,2,2,1,1,1,3,0,0,0,0,0,1,3,1768,1237,300,1,0.7860491,T,,,,
302,60,male,0,0,2,24,4,4,4,1,1,0,4,0,0,1,0,0,0,1,1199,959,-289,0,0.523930291,T,,,,
311,35,male,1,0,1,9,4,3,3,2,1,1,4,0,0,0,1,0,0,3,1919,1535,328,1,0.86159126,T,,,,
208,51,male,0,0,2,8,4,4,4,3,2,0,3,0,1,0,1,0,0,0,1164,698,87,1,0.768789268,T,,,,
957,31,male,0,0,1,48,2,2,2,2,1,0,3,0,0,1,1,0,0,4,6758,4054,-1503,0,0.23912224,T,,,,
895,43,male,3,0,1,18,2,1,1,1,2,0,4,0,0,1,0,0,0,3,1533,1073,-566,0,0.787967609,T,,,,
383,47,male,0,0,2,8,4,4,4,1,1,0,4,0,0,1,0,0,1,1,731,438,42,1,0.625573224,T,,,,
216,24,male,2,0,1,36,2,1,2,2,1,0,4,0,0,1,0,0,0,4,5848,4093,896,1,0.674195648,T,,,,
988,36,female,3,4,2,30,4,3,3,2,1,0,2,0,0,1,0,0,0,4,6742,4045,459,1,0.979584104,T,,,,
259,26,male,3,0,1,9,2,2,2,2,1,1,4,0,0,0,0,0,1,3,1388,1249,366,1,0.754019422,T,,,,
652,40,male,0,0,1,6,4,4,1,1,2,0,2,0,0,1,0,1,1,1,1361,1224,291,1,0.889603895,T,,,,
87,27,male,3,3,2,24,4,2,2,2,1,0,4,0,0,1,0,0,1,2,5804,4643,956,1,0.947959651,T,,,,
743,46,female,3,3,2,18,4,3,2,2,1,0,4,0,0,1,0,0,1,4,1149,804,98,1,0.977972633,T,,,,
768,24,male,1,1,1,72,2,2,2,2,1,0,2,0,0,1,0,0,0,4,5595,3916,-2321,0,0.302617568,T,,,,
906,23,male,0,0,2,36,4,4,1,1,1,1,4,0,0,0,1,0,0,3,6229,3737,-1801,0,0.144867886,T,,,,
303,44,male,1,1,1,12,4,4,1,2,1,0,3,0,0,1,0,0,0,2,1804,1623,407,1,0.90460183,T,,,,
937,40,male,1,0,1,18,2,4,3,2,1,1,2,0,0,0,0,0,1,3,3001,2700,699,1,0.79746875,T,,,,
240,39,male,0,0,1,36,2,4,3,3,2,0,2,0,1,0,1,0,0,1,3249,2599,564,1,0.334735015,T,,,,
868,64,male,0,0,1,24,2,4,4,1,1,1,4,0,1,0,0,0,1,4,2384,1430,322,1,0.531774746,T,,,,
312,25,female,3,0,2,36,4,2,2,2,1,0,4,0,1,1,1,0,1,1,7855,4713,-1659,0,0.340722934,T,,,,
4,36,male,1,3,1,18,2,3,1,2,1,0,3,0,1,1,1,0,1,6,1913,1721,416,1,0.788463519,T,,,,
711,32,male,1,0,1,12,2,2,3,2,1,0,2,0,0,1,0,0,0,1,6078,5470,1702,1,0.424762458,T,,,,
58,23,male,0,0,1,24,2,4,1,1,1,1,4,0,0,0,1,0,1,3,3234,3234,-1151,0,0.203027407,T,,,,
308,41,female,1,0,2,42,4,1,3,1,1,0,2,0,1,1,0,0,1,6,5954,4763,1000,1,0.861807664,T,,,,
975,33,female,3,0,1,15,2,2,3,2,1,0,2,0,0,1,0,0,0,2,3029,1817,366,1,0.960421187,T,,,,
757,34,male,3,3,1,24,4,2,4,2,1,0,2,0,0,1,0,0,0,4,2578,1289,196,1,0.978096999,T,,,,
829,49,male,1,0,2,12,2,4,2,2,1,0,4,1,0,1,1,0,1,4,1092,764,94,1,0.84349151,T,,,,
342,40,female,3,2,1,10,2,2,2,1,2,1,3,0,0,0,0,1,0,1,1597,1277,343,1,0.911250313,T,,,,
870,24,female,3,0,2,18,4,2,2,2,1,0,4,0,0,1,0,0,0,4,1800,1440,233,1,0.840535148,T,,,,
626,35,female,3,0,2,24,4,2,2,1,1,0,4,0,0,1,0,0,1,4,2684,1342,106,1,0.872680059,T,,,,
845,55,male,2,4,1,12,2,4,4,3,1,0,3,0,0,1,1,0,1,3,1424,854,199,1,0.983658745,T,,,,
203,48,male,0,0,2,10,4,3,1,1,2,1,1,0,0,0,0,1,1,1,2241,1568,258,1,0.871505296,T,,,,
122,45,female,3,4,1,36,2,4,4,1,1,0,2,0,0,1,1,0,1,4,3835,2301,458,1,0.978118507,T,,,,
44,74,male,3,0,1,5,2,4,3,1,1,0,1,0,0,1,0,0,1,6,3448,3103,824,1,0.991175537,T,,,,
571,35,female,3,2,1,15,2,4,4,2,1,0,1,0,0,0,0,0,0,1,5324,3194,629,1,0.75150101,T,,,,
267,50,female,3,0,2,21,2,2,4,2,1,0,4,0,0,1,0,0,1,3,2241,1792,343,1,0.74893251,T,,,,
734,24,male,0,4,1,15,2,2,2,2,1,1,4,0,0,0,0,0,0,0,1275,637,-222,0,0.611902896,T,,,,
873,59,male,1,0,1,48,1,3,4,2,1,1,4,0,0,0,0,0,0,6,6416,6416,-3914,0,0.137991249,T,,,,
100,37,female,3,4,2,12,4,1,1,1,2,0,2,0,0,1,0,0,0,5,3565,2852,553,1,0.933874641,T,,,,
313,63,male,2,0,2,10,4,4,4,2,1,0,4,0,0,0,1,0,0,1,781,390,31,1,0.856563265,T,,,,
134,30,male,3,1,2,18,4,2,2,2,1,0,4,0,0,1,0,0,1,5,1864,1491,-1183,0,0.775521571,T,,,,
468,41,male,3,2,1,21,3,2,1,1,2,0,4,0,1,1,0,0,1,6,2580,1290,-805,0,0.737628742,T,,,,
232,26,male,2,0,1,24,2,4,1,2,1,0,2,0,0,1,0,0,0,3,3749,2624,612,1,0.634206888,T,,,,
310,20,male,2,4,2,24,4,4,4,2,1,1,4,0,0,0,0,0,0,3,3617,2170,265,1,0.876274481,T,,,,
360,20,male,1,0,1,24,2,4,2,1,1,1,3,0,0,0,1,0,0,1,2718,1630,-831,0,0.308205218,T,,,,
11,41,male,3,1,1,24,2,4,4,1,1,1,4,0,0,0,0,0,1,1,1469,1322,376,1,0.720789268,T,,,,
608,34,male,0,0,1,42,2,3,1,2,1,0,4,0,0,1,0,0,0,4,3965,2775,-1203,0,0.170710777,T,,,,
923,22,male,0,0,1,24,2,1,1,2,1,0,4,0,1,0,0,0,0,3,3149,1889,323,1,0.147576886,T,,,,
631,24,male,3,4,1,30,2,4,3,1,1,1,2,0,1,0,0,0,0,2,4811,3848,1076,1,0.972810522,T,,,,
482,46,male,0,0,1,48,2,4,3,2,2,0,4,0,0,0,0,0,0,1,3931,3537,-1985,0,0.12964853,T,,,,
649,52,female,3,0,1,12,2,4,2,2,1,0,2,0,0,1,1,0,0,4,3077,2769,674,1,0.953041682,T,,,,
256,34,male,0,0,2,48,2,1,3,2,1,0,1,1,0,1,1,0,1,4,6999,4899,-1881,0,0.833965468,T,,,,
265,40,female,3,1,1,15,2,2,2,3,1,0,3,0,0,1,1,0,0,5,4623,2773,-2096,0,0.702188315,T,,,,
54,32,male,1,0,2,36,2,1,3,2,2,0,3,0,0,1,0,0,0,5,2273,1818,350,1,0.44940956,T,,,,
146,29,female,3,0,1,6,2,1,2,2,1,0,3,0,0,1,0,0,1,4,518,466,135,1,0.962036513,T,,,,
524,30,male,0,0,1,24,2,2,0,3,2,0,4,0,1,1,0,0,0,4,1823,1093,-648,0,0.106849283,T,,,,
911,35,male,1,2,1,14,2,2,4,2,1,0,1,0,0,1,1,0,1,6,1410,846,144,1,0.914058729,T,,,,
236,38,male,3,4,1,18,4,4,0,3,1,0,2,0,0,1,1,0,0,2,3229,3229,1119,1,0.988770992,T,,,,
328,28,male,1,0,2,48,2,4,3,2,1,0,4,0,0,1,0,0,1,4,3060,1836,-836,0,0.491016768,T,,,,
215,27,female,0,0,1,27,2,2,2,3,1,0,3,0,0,1,0,0,0,4,3416,3074,922,1,0.371637239,T,,,,
6,29,female,1,4,1,24,3,2,1,1,1,0,4,0,1,1,0,0,0,3,2333,1866,480,1,0.481697112,T,,,,
481,24,female,1,4,1,12,2,2,0,0,1,1,1,0,0,0,0,0,1,1,7472,5230,1339,1,0.553773004,T,,,,
555,43,male,0,0,2,24,3,2,0,2,2,0,4,0,0,0,0,0,1,1,1333,799,-474,0,0.060765854,T,,,,
515,30,female,1,1,1,48,1,2,3,2,1,0,4,0,0,1,0,0,0,6,3566,2139,481,1,0.203724386,T,,,,
250,27,male,3,1,2,6,4,1,2,2,1,0,1,0,0,1,0,0,0,4,1237,1113,195,1,0.991106417,T,,,,
579,35,female,1,3,1,18,2,2,2,1,1,0,4,0,0,1,1,0,0,6,1941,1358,359,1,0.771169964,T,,,,
258,26,female,3,4,1,24,2,4,0,3,1,1,2,0,0,0,1,0,0,2,5433,4889,1312,1,0.913250275,T,,,,
869,35,male,3,1,1,9,2,4,4,2,1,0,3,0,0,1,1,0,0,4,2753,2202,503,1,0.942602999,T,,,,
446,31,male,0,0,1,24,2,3,3,2,1,0,2,0,0,1,1,0,0,1,4817,2890,-1679,0,0.492076947,T,,,,
288,26,female,0,1,2,24,4,1,3,2,1,0,4,0,0,1,1,0,1,6,1382,967,141,1,0.90532399,T,,,,
744,37,female,3,3,2,24,4,4,4,2,1,0,4,0,0,1,1,0,1,1,1287,1158,280,1,0.927042964,T,,,,
567,27,female,3,0,2,24,4,2,0,3,1,0,4,0,1,1,1,0,0,0,6314,5682,1096,1,0.401588801,T,,,,
593,46,female,0,0,2,12,1,2,1,2,1,0,4,0,1,1,1,0,0,1,697,348,-173,0,0.038470998,T,,,,
847,26,male,3,0,2,33,3,2,2,2,1,0,2,0,0,1,1,0,0,6,2764,1658,189,1,0.884369165,T,,,,
806,23,male,2,0,1,18,2,2,4,3,1,0,3,0,0,1,0,0,0,1,1961,1961,659,1,0.564363005,T,,,,
605,39,male,3,2,1,36,2,4,4,2,1,0,4,0,0,1,0,0,0,4,2299,2069,597,1,0.836982163,T,,,,
205,44,male,1,0,1,18,3,4,2,1,2,0,2,0,0,1,1,0,1,0,6204,4963,1229,1,0.80599559,T,,,,
243,47,female,1,0,2,12,4,3,3,1,2,0,2,0,0,1,0,0,1,1,958,670,105,1,0.869101417,T,,,,
780,22,male,3,0,2,12,4,4,1,1,1,1,2,0,0,0,0,0,0,3,1258,1006,204,1,0.863938827,T,,,,
946,32,male,3,0,1,18,2,2,1,2,1,0,3,0,0,1,1,0,0,4,4594,2756,556,1,0.68916588,T,,,,
399,26,male,0,0,1,36,2,2,2,2,2,0,2,0,0,1,0,0,0,2,8229,6583,-2272,0,0.347159528,T,,,,
55,23,female,1,0,1,12,2,1,1,2,1,1,1,0,0,0,0,0,1,4,1534,920,-415,0,0.772656607,T,,,,
182,28,female,1,0,1,6,2,3,3,1,1,0,3,1,1,1,0,0,1,4,484,338,71,1,0.897997606,T,,,,
581,24,male,0,0,1,36,2,1,3,2,1,0,2,0,0,1,1,0,0,1,9271,6489,-3149,0,0.332123607,T,,,,
61,45,female,1,0,1,7,2,1,1,2,1,0,1,1,0,1,0,0,1,4,2329,1397,277,1,0.916297028,T,,,,
348,36,female,3,4,1,6,2,4,0,3,2,0,4,0,0,1,1,0,0,0,1238,742,137,1,0.89225121,T,,,,
635,23,male,1,0,2,13,4,4,1,2,1,0,4,1,0,1,0,0,1,4,882,441,60,1,0.727118809,T,,,,
921,55,female,3,3,1,12,2,2,3,2,1,0,3,0,0,1,0,1,0,2,1413,1271,384,1,0.997810061,T,,,,
662,27,female,1,4,1,60,3,2,2,3,1,0,2,0,0,0,0,0,0,4,9157,9157,2992,1,0.466870526,T,,,,
137,37,male,2,4,1,12,2,3,4,3,1,0,2,0,0,1,0,0,0,4,3399,2039,493,1,0.975071624,T,,,,
325,27,male,3,0,2,12,4,2,2,2,1,0,3,0,0,1,0,0,1,6,1185,592,73,1,0.942632022,T,,,,
592,32,female,1,0,1,48,0,2,2,3,1,0,1,0,1,1,1,1,0,0,18424,12896,-6960,0,0.184859134,T,,,,
362,22,female,0,0,1,24,1,4,2,2,1,1,1,1,1,0,0,1,0,2,3632,2179,392,1,0.828273294,T,,,,
66,50,male,0,0,1,48,2,1,3,3,1,0,4,0,0,0,1,0,0,5,7476,5980,1585,1,0.219099503,T,,,,
101,22,male,1,0,1,48,2,2,2,2,1,0,2,0,0,1,0,0,1,4,5951,5355,-3080,0,0.393483397,T,,,,
901,28,male,1,0,2,30,4,2,0,3,1,0,4,0,0,1,0,0,0,1,5234,4187,-1605,0,0.07480535,T,,,,
245,29,male,1,0,2,20,3,3,2,2,1,0,2,0,1,1,1,0,0,0,2629,1577,258,1,0.747156713,T,,,,
206,25,male,3,0,1,12,2,2,2,2,1,0,3,0,0,1,0,0,0,4,1262,1009,275,1,0.865966178,T,,,,
600,31,male,3,0,1,12,2,4,3,1,1,0,3,0,0,1,0,0,1,3,1736,1388,339,1,0.944167829,T,,,,
974,26,male,1,1,2,30,0,4,2,1,1,1,4,0,0,0,0,0,0,6,4280,2568,-1974,0,0.188333692,T,,,,
627,36,male,3,4,2,36,4,4,4,2,1,0,4,0,0,1,0,0,1,6,6304,4412,681,1,0.939829128,T,,,,
431,44,female,3,2,1,48,4,2,2,2,1,0,2,0,1,0,0,0,0,1,10127,6076,-2454,0,0.388947589,T,,,,
380,51,male,2,0,1,24,2,4,4,2,1,0,3,0,0,0,0,0,0,3,2892,2313,589,1,0.77251318,T,,,,
411,26,male,3,4,1,12,2,4,1,2,1,1,2,0,0,0,1,0,0,2,2445,2445,654,1,0.97279298,T,,,,
153,24,male,0,0,1,18,2,2,2,2,1,0,2,0,0,1,0,0,1,4,3190,1914,-1031,0,0.5868877,T,,,,
17,36,female,3,1,1,24,4,4,4,2,2,0,3,0,0,1,1,0,1,4,2872,2584,744,1,0.962844233,T,,,,
190,46,male,3,0,2,15,4,4,4,2,1,0,4,0,0,1,1,0,0,4,1829,1829,464,1,0.95137299,T,,,,
708,51,male,1,0,1,11,3,4,3,2,1,0,2,0,0,1,0,0,0,4,4771,3816,864,1,0.902815619,T,,,,
478,66,female,2,2,3,12,4,4,0,0,1,0,2,0,1,0,0,0,0,1,1480,1036,62,1,0.856760954,T,,,,
680,51,female,0,4,1,18,2,4,4,2,2,0,1,0,0,0,1,0,0,2,7511,5257,-1602,0,0.90018571,T,,,,
699,33,male,2,0,2,42,0,1,1,2,1,0,2,0,0,1,0,0,0,6,6289,3144,258,1,0.42343062,T,,,,
621,43,female,3,0,3,12,4,4,4,2,1,0,4,0,0,1,1,0,1,3,1935,1548,124,1,0.921750773,T,,,,
586,33,male,3,1,1,24,2,3,1,2,1,0,4,0,0,1,1,0,1,1,1474,737,154,1,0.64390887,T,,,,
954,45,female,2,0,1,18,2,1,1,1,1,0,1,0,1,1,0,0,0,3,3049,3049,902,1,0.860683386,T,,,,
276,23,female,1,1,1,12,2,4,3,1,1,1,2,0,0,0,0,0,1,6,841,841,249,1,0.886062325,T,,,,
766,37,male,3,4,1,48,2,3,3,2,1,0,4,0,1,1,1,0,0,4,10222,9199,2951,1,0.828355458,T,,,,
558,24,male,3,0,2,15,4,3,3,2,1,0,2,0,1,1,0,0,0,3,2788,2230,401,1,0.949810365,T,,,,
454,25,female,3,4,2,24,2,2,1,2,1,0,4,0,0,1,0,0,0,4,3105,3105,708,1,0.705166709,T,,,,
563,35,female,3,4,1,15,2,2,4,2,1,0,4,0,0,1,0,0,0,4,1979,1781,445,1,0.927925047,T,,,,
283,41,male,0,0,1,36,2,2,4,2,2,0,2,0,1,1,0,0,0,3,2712,1627,-603,0,0.338028352,T,,,,
353,23,female,3,1,1,24,2,4,3,2,1,0,3,0,0,1,0,0,0,2,3488,1744,359,1,0.947894701,T,,,,
426,24,male,1,4,1,9,2,1,3,2,1,0,2,0,0,1,1,0,0,3,2030,1827,499,1,0.973767063,T,,,,
226,24,male,1,0,1,30,2,2,2,2,1,0,4,1,1,1,0,0,0,1,2150,1720,-683,0,0.189682493,T,,,,
184,23,male,0,0,1,18,2,3,1,2,1,1,4,0,0,0,1,0,0,1,1216,729,-266,0,0.122206187,T,,,,
36,23,male,3,0,1,9,2,4,1,2,1,1,1,0,0,0,1,0,1,0,1236,741,140,1,0.917184294,T,,,,
341,27,male,3,0,2,14,3,2,2,1,1,0,4,0,0,1,0,0,0,1,802,802,165,1,0.64021907,T,,,,
52,26,male,0,0,1,12,2,2,3,2,1,0,4,0,0,1,0,0,1,1,759,531,-305,0,0.378290076,T,,,,
162,48,male,2,1,1,10,2,4,4,1,2,0,1,0,0,0,0,0,0,1,1240,744,-409,0,0.870578637,T,,,,
807,37,male,3,0,1,36,2,4,2,2,1,0,4,0,1,0,1,0,0,5,1819,909,-637,0,0.460648483,T,,,,
912,36,male,1,2,1,12,4,3,3,3,1,0,3,0,0,1,1,0,0,1,2366,2366,810,1,0.880827751,T,,,,
67,23,male,2,0,1,12,2,4,2,2,1,1,3,0,0,0,0,0,1,4,1297,648,137,1,0.856638781,T,,,,
602,53,female,3,4,2,24,4,4,4,2,1,0,4,0,0,1,0,0,0,4,2424,1212,151,1,0.973637498,T,,,,
882,43,male,0,0,1,36,2,3,0,3,1,0,2,0,0,1,0,0,0,0,15857,15857,4387,1,0.053042844,T,,,,
876,31,female,3,0,1,24,2,2,2,2,1,0,2,1,0,1,1,0,1,1,1393,835,178,1,0.859412652,T,,,,
935,32,female,1,3,2,9,4,3,4,2,2,0,4,0,0,0,0,0,0,5,1136,681,-538,0,0.596107693,T,,,,
335,33,female,1,0,1,18,2,1,4,3,1,0,1,0,1,1,1,0,1,6,4439,3551,950,1,0.88693417,T,,,,
828,32,male,3,0,1,6,2,4,1,2,1,0,1,0,0,1,0,0,0,3,4611,2766,-1336,0,0.83852017,T,,,,
507,48,female,3,4,4,27,2,4,4,2,2,0,4,0,0,1,1,0,0,0,5190,5190,424,1,0.814518736,T,,,,
363,22,male,0,0,1,12,2,1,1,2,1,1,4,0,0,0,0,0,0,3,1858,1486,409,1,0.283679859,T,,,,
489,43,male,1,0,1,24,2,3,3,2,1,0,3,0,0,1,1,0,0,3,4057,2839,-918,0,0.757552604,T,,,,
395,42,male,3,0,3,4,4,1,3,1,2,0,2,0,0,1,0,0,1,1,1455,1455,176,1,0.972802992,T,,,,
286,35,male,3,0,2,15,4,4,2,2,1,0,4,0,0,0,1,0,0,4,1471,882,85,1,0.91975909,T,,,,
367,35,female,1,0,2,6,3,1,0,3,1,0,4,0,1,1,1,0,0,3,1050,735,88,1,0.499464271,T,,,,
689,34,female,1,4,2,24,4,3,3,2,2,0,4,0,0,1,1,0,0,6,2825,2260,405,1,0.928968857,T,,,,
425,35,male,3,2,1,12,1,3,2,1,2,0,4,0,0,1,0,0,1,0,3447,2412,509,1,0.701728059,T,,,,
13,25,male,0,0,2,21,2,2,2,2,1,0,3,0,0,1,1,0,1,4,1835,917,-508,0,0.533015873,T,,,,
613,40,female,0,0,1,12,2,2,2,1,1,0,4,0,0,1,0,0,1,4,701,420,93,1,0.575849697,T,,,,
905,28,female,3,1,1,12,2,2,2,2,1,0,4,0,0,1,0,0,1,4,2073,1243,224,1,0.84828985,T,,,,
7,27,male,1,0,1,9,2,1,2,2,1,0,2,0,1,1,1,0,1,6,1391,695,118,1,0.904669901,T,,,,
82,26,male,1,0,1,8,2,2,1,2,1,0,3,0,0,1,1,0,1,6,907,816,248,1,0.616979849,T,,,,
389,65,female,3,0,2,18,4,4,0,0,1,0,4,0,0,1,0,0,0,4,1098,658,90,1,0.951986494,T,,,,
257,29,male,2,0,1,6,3,1,1,2,1,0,2,0,1,1,0,0,0,4,683,341,49,1,0.926834775,T,,,,
449,44,female,3,2,1,12,4,4,2,2,1,0,4,0,0,1,1,0,1,1,1163,814,193,1,0.929964049,T,,,,
420,21,male,1,1,1,45,2,4,2,2,1,1,4,1,0,0,0,0,0,4,3031,2424,-997,0,0.437719359,T,,,,
960,32,male,3,0,1,24,3,2,2,2,1,0,1,0,0,0,0,0,0,6,3863,3476,975,1,0.900757907,T,,,,
913,29,female,0,0,2,12,4,2,2,2,1,0,3,0,0,1,0,0,1,1,3499,3149,-1351,0,0.359252542,T,,,,
529,35,male,0,0,1,47,2,1,1,1,1,0,1,0,0,1,1,0,1,1,10722,9649,2569,1,0.171154746,T,,,,
710,34,female,1,1,1,18,2,4,2,2,1,0,4,0,0,1,0,0,0,6,2622,2359,580,1,0.601440328,T,,,,
225,24,male,0,0,2,48,0,4,4,2,2,0,3,0,0,0,0,0,0,2,4605,3684,-1645,0,0.140597613,T,,,,
942,33,male,1,4,1,18,2,2,2,2,1,0,4,0,0,1,0,0,0,1,1042,729,-364,0,0.571460144,T,,,,
306,31,male,3,4,1,18,2,1,2,2,1,0,2,0,0,1,1,0,0,2,3378,2026,389,1,0.993873768,T,,,,
727,38,male,3,0,1,24,2,3,1,2,1,0,4,0,1,1,1,0,0,4,1533,1379,389,1,0.734125865,T,,,,
538,37,male,0,0,1,48,1,4,3,2,1,1,2,1,0,0,0,0,0,6,7685,4611,-3379,0,0.245816838,T,,,,
771,25,male,1,0,2,12,0,3,1,2,1,1,4,0,0,0,0,0,0,3,2969,1484,-647,0,0.095284987,T,,,,
469,31,female,1,1,2,36,3,3,3,1,2,0,1,0,0,1,1,0,0,6,9857,6899,1312,1,0.715746685,T,,,,
594,30,female,1,1,2,30,3,3,1,3,1,0,4,0,1,1,0,0,0,4,1919,1535,-892,0,0.357912219,T,,,,
97,30,male,3,0,2,6,4,2,4,2,1,1,2,0,0,0,0,0,1,4,1740,1218,168,1,0.952646056,T,,,,
715,51,female,3,1,2,12,4,3,3,2,1,0,4,0,0,1,1,0,0,1,682,682,172,1,0.94939681,T,,,,
466,35,male,3,0,2,24,4,3,3,2,1,0,4,0,0,1,1,0,0,2,2346,1407,222,1,0.977993751,T,,,,
651,36,female,2,2,1,15,4,2,2,2,1,0,2,0,0,1,1,0,0,2,2360,1652,329,1,0.981148805,T,,,,
732,48,female,1,4,1,24,2,4,2,1,1,0,1,0,0,1,1,0,0,3,4351,3045,663,1,0.929021648,T,,,,
856,27,female,0,0,1,24,1,4,3,2,1,0,3,0,1,1,0,0,0,3,3552,1776,-894,0,0.19752634,T,,,,
207,61,male,1,0,1,36,0,4,4,3,1,0,4,0,0,0,1,0,0,6,1953,1562,-976,0,0.459674513,T,,,,
902,31,female,3,2,1,24,2,2,4,2,2,0,3,0,0,1,1,0,0,4,3430,2401,637,1,0.825839123,T,,,,
929,48,female,0,0,1,24,3,4,1,2,1,0,4,0,1,1,0,0,1,4,1024,614,-325,0,0.43214481,T,,,,
703,42,male,2,3,2,12,1,3,2,2,1,1,3,0,0,0,0,0,1,4,409,327,60,1,0.873807784,T,,,,
859,47,female,0,0,1,18,2,3,2,1,1,0,4,0,0,1,1,0,1,0,1217,973,-395,0,0.696918218,T,,,,
803,34,female,1,0,1,7,2,2,2,2,1,0,3,1,0,1,0,0,1,4,2415,2173,578,1,0.763576325,T,,,,
476,55,female,3,3,2,12,3,4,4,2,2,0,4,0,0,0,0,0,0,0,1555,933,-545,0,0.927000887,T,,,,
947,35,male,3,0,2,24,3,3,3,1,1,0,3,0,0,1,1,0,0,2,4679,3275,604,1,0.967890539,T,,,,
80,39,male,1,0,1,21,2,4,4,2,2,0,2,0,0,1,0,0,0,6,1188,594,-446,0,0.774955847,T,,,,
477,27,female,3,1,2,24,4,3,3,2,1,0,4,0,0,1,1,0,0,1,2463,2463,658,1,0.86776167,T,,,,
916,34,male,3,4,2,6,4,2,2,1,2,0,1,0,0,1,0,0,1,4,1898,1328,218,1,0.992617303,T,,,,
251,49,male,2,1,1,9,2,4,4,2,1,0,2,0,0,1,0,0,1,4,1126,563,92,1,0.968645794,T,,,,
12,31,male,1,1,2,6,3,2,4,2,2,0,1,0,1,1,0,0,0,6,1449,1304,252,1,0.822954701,T,,,,
560,32,male,1,1,1,6,1,1,1,1,1,0,1,0,1,1,0,0,0,1,931,744,-441,0,0.418722963,T,,,,
406,57,male,1,0,2,36,3,4,4,2,1,0,4,0,1,0,1,0,0,1,2225,1780,-747,0,0.279280494,T,,,,
350,38,male,1,4,1,6,2,4,4,2,1,0,4,0,0,1,0,0,0,4,368,257,63,1,0.906737898,T,,,,
521,38,male,0,0,3,30,4,4,4,3,2,0,3,0,0,0,1,0,0,2,10623,6373,373,1,0.41598552,T,,,,
8,30,female,3,0,1,36,2,2,2,2,1,0,1,0,1,1,0,0,0,2,8133,6506,1407,1,0.794732681,T,,,,
983,38,male,1,4,1,48,3,4,2,2,2,0,4,0,0,0,1,0,0,6,6681,6012,1714,1,0.598364749,T,,,,
904,24,male,1,0,1,9,2,3,2,2,1,0,4,0,0,1,0,0,1,4,458,412,127,1,0.727477921,T,,,,
787,42,female,3,0,1,12,4,4,4,2,1,0,2,0,1,1,0,0,0,3,3331,2331,564,1,0.941099626,T,,,,
30,26,male,3,0,1,12,2,2,2,2,1,0,2,0,0,1,1,1,1,6,1076,645,114,1,0.989766944,T,,,,
9,44,female,3,4,2,24,2,1,1,2,1,0,1,0,0,1,1,0,0,4,5943,5943,-1826,0,0.963401241,T,,,,
879,50,female,1,0,1,48,3,4,4,2,1,0,4,0,0,0,0,0,0,5,6224,4979,-4477,0,0.122814759,T,,,,
333,28,female,0,3,1,18,2,2,2,2,1,0,4,0,0,1,0,0,0,3,2659,1329,238,1,0.465794405,T,,,,
518,53,female,3,4,1,30,1,1,0,3,1,0,4,0,1,1,1,0,1,2,7485,5988,-2232,0,0.788831593,T,,,,
860,31,female,3,0,2,18,4,2,3,2,1,0,2,0,1,1,0,0,0,1,2775,2220,-689,0,0.832174997,T,,,,
278,36,male,3,0,1,21,4,4,4,3,1,0,1,0,0,1,1,0,0,2,3275,3275,880,1,0.991644238,T,,,,
564,47,female,3,0,3,12,2,4,4,2,2,0,4,0,1,1,1,0,0,5,1393,1393,210,1,0.523994508,T,,,,
102,24,male,0,0,1,48,2,4,1,2,1,1,3,0,0,0,0,0,0,6,4308,4308,-2807,0,0.126625895,T,,,,
424,42,male,3,0,3,4,4,1,3,1,2,0,2,0,0,1,0,0,1,4,1544,1235,94,1,0.991070273,T,,,,
118,26,male,3,0,1,12,2,1,2,2,1,0,4,0,0,1,1,0,1,3,763,610,175,1,0.937749497,T,,,,
713,30,female,1,0,1,12,2,2,2,2,1,0,4,0,0,1,0,0,0,0,639,639,-330,0,0.515444613,T,,,,
211,24,male,3,0,1,6,3,2,2,2,1,0,3,0,0,1,0,0,1,4,932,652,167,1,0.936463234,T,,,,
990,42,male,0,0,1,18,2,3,2,2,1,0,2,0,0,1,0,0,0,3,4153,3322,-1278,0,0.601775545,T,,,,
917,31,female,1,0,2,24,4,4,4,2,1,0,4,0,0,1,1,0,1,6,1935,967,-865,0,0.777359417,T,,,,
722,23,male,2,0,1,36,2,2,2,2,1,0,2,0,0,1,1,0,1,4,3913,3130,899,1,0.818810449,T,,,,
365,33,female,3,0,2,24,4,2,3,2,1,0,4,1,0,1,1,0,0,4,1851,1665,365,1,0.95253945,T,,,,
2,25,female,1,0,1,12,2,1,1,2,1,1,3,0,0,0,0,0,0,1,1295,1165,-473,0,0.280138482,V,,,,
10,56,male,3,0,1,12,4,4,4,2,1,0,4,0,0,1,0,0,1,4,618,556,163,1,0.975350105,V,,,,
14,24,female,1,4,1,48,2,2,3,2,1,0,1,0,0,1,0,0,0,1,8487,5092,976,1,0.463284348,V,,,,
18,33,male,0,0,2,15,0,3,4,2,2,1,4,0,0,0,0,0,0,1,950,570,-188,0,0.080982432,V,,,,
21,52,male,3,2,2,9,4,2,4,2,1,0,4,0,0,1,1,0,0,5,936,842,198,1,0.890120153,V,,,,
23,26,female,1,0,1,12,2,1,1,1,1,0,4,1,1,1,0,0,1,4,625,375,90,1,0.667797235,V,,,,
24,26,male,2,0,1,36,2,2,2,2,1,0,4,0,0,1,0,0,0,4,4210,2526,-816,0,0.529637813,V,,,,
26,39,male,0,3,2,6,4,4,3,1,1,0,3,0,0,1,1,0,1,1,666,466,67,1,0.929815948,V,,,,
32,40,male,1,4,1,48,2,4,0,0,1,0,3,0,1,0,1,0,0,0,5381,5381,1768,1,0.621981303,V,,,,
34,75,male,0,0,2,24,4,4,0,3,1,0,2,0,0,0,1,0,0,2,6615,3307,379,1,0.713182378,V,,,,
38,36,male,3,4,1,36,2,4,2,2,1,0,4,0,0,1,0,0,1,1,3079,2771,811,1,0.819527874,V,,,,
46,30,male,3,4,1,36,4,2,2,3,1,0,4,0,0,1,1,0,0,2,11054,7737,1640,1,0.930057155,V,,,,
47,37,female,0,0,1,36,2,2,2,2,2,0,1,1,0,1,0,0,0,3,3620,1810,334,1,0.521998553,V,,,,
50,26,male,3,0,2,12,4,2,4,2,1,0,2,0,0,1,0,0,0,4,1934,1547,282,1,0.944237301,V,,,,
53,44,male,3,0,2,24,4,4,4,2,1,0,3,0,0,0,0,0,0,0,5507,4956,848,1,0.851981626,V,,,,
57,49,male,0,4,1,24,2,4,4,2,2,0,4,0,1,0,1,0,0,2,2964,2964,1012,1,0.800466068,V,,,,
59,30,male,1,0,2,18,4,3,4,2,1,0,3,1,1,1,0,0,1,1,1056,950,-388,0,0.701167776,V,,,,
63,27,male,1,0,2,21,4,3,3,2,1,0,2,0,0,1,0,0,0,6,3652,2191,337,1,0.883546225,V,,,,
64,28,female,0,0,1,24,2,4,2,2,1,0,2,0,0,1,0,0,0,4,3660,2928,805,1,0.541266033,V,,,,
68,27,male,3,1,2,24,4,3,2,1,1,0,3,0,0,1,1,0,0,6,4139,3311,551,1,0.945225646,V,,,,
70,25,male,0,0,2,15,4,3,2,2,1,0,2,0,0,1,0,0,0,3,975,585,88,1,0.787145796,V,,,,
74,33,male,1,0,1,24,3,2,1,2,1,0,1,0,0,1,0,0,0,4,6403,3841,696,1,0.505299603,V,,,,
75,32,female,0,1,1,24,1,3,3,2,1,0,2,0,1,1,0,0,0,1,2325,1627,356,1,0.239866663,V,,,,
76,49,male,0,0,1,6,2,1,4,2,1,0,2,0,1,1,1,0,0,3,428,342,99,1,0.878356632,V,,,,
78,26,male,0,4,1,24,2,4,4,2,1,1,2,0,0,0,0,0,1,2,2812,1406,198,1,0.909726007,V,,,,
88,40,male,3,2,2,36,3,4,3,2,1,0,2,0,0,1,1,0,0,3,7678,4606,682,1,0.904072172,V,,,,
90,43,male,0,0,4,27,4,4,4,3,2,0,4,0,1,1,1,0,0,6,2442,1709,-10,0,0.478428682,V,,,,
94,24,male,0,0,1,24,2,1,1,1,1,0,4,0,0,1,0,1,0,3,1747,1572,457,1,0.718970625,V,,,,
95,45,female,3,4,1,12,2,3,1,3,2,0,2,0,0,1,1,0,0,1,3527,2468,522,1,0.889493562,V,,,,
96,40,female,1,0,3,18,4,3,0,0,2,0,3,0,0,1,1,0,0,6,3590,2872,343,1,0.743983396,V,,,,
98,22,male,1,1,1,15,2,2,2,2,1,0,4,1,0,1,0,0,1,0,1514,1211,296,1,0.687947379,V,,,,
106,30,male,1,0,2,27,3,2,4,3,1,0,1,0,0,1,1,0,0,2,5965,5965,1508,1,0.835981543,V,,,,
107,50,male,1,4,2,15,4,4,4,2,1,0,4,1,0,1,1,0,1,4,1537,1383,291,1,0.976313164,V,,,,
113,41,male,3,0,2,24,4,2,4,3,1,1,4,0,0,0,1,0,0,2,3868,2707,372,1,0.922942823,V,,,,
114,29,female,0,0,1,36,3,3,2,2,1,0,4,0,1,1,1,0,0,5,6887,6198,-4715,0,0.099675809,V,,,,
120,34,female,1,1,1,48,0,4,3,1,2,0,4,0,0,0,0,0,0,6,3844,3075,-2447,0,0.234450195,V,,,,
123,23,male,0,4,1,12,2,4,2,2,1,1,4,0,1,0,1,0,0,5,1200,1080,299,1,0.444289038,V,,,,
125,51,male,3,0,1,6,2,2,3,2,2,0,3,0,0,1,0,0,0,4,1595,1595,534,1,0.943277361,V,,,,
131,42,male,1,0,1,36,0,1,2,2,1,0,4,0,0,1,1,0,0,4,3804,2282,-1051,0,0.483414647,V,,,,
136,29,female,1,0,1,9,2,2,2,2,1,0,1,0,0,1,0,1,0,3,959,479,-247,0,0.943075465,V,,,,
142,35,male,3,0,2,33,4,2,3,3,1,0,3,0,0,1,1,0,0,2,7253,5077,730,1,0.946603275,V,,,,
144,29,female,1,0,2,24,2,3,2,3,1,0,2,0,1,1,1,0,0,0,11328,7929,-4440,0,0.279906213,V,,,,
147,36,male,0,0,1,15,2,3,1,2,1,0,2,0,0,1,0,0,1,1,1721,860,163,1,0.352038706,V,,,,
149,26,male,1,0,1,24,2,1,1,2,1,0,4,0,0,1,0,0,0,1,1201,720,165,1,0.245436883,V,,,,
151,42,male,0,0,1,36,2,4,4,2,2,0,2,0,0,0,0,0,0,2,5493,4394,1032,1,0.539826566,V,,,,
152,32,male,3,0,1,36,2,2,2,3,1,0,2,0,0,0,1,0,0,2,4686,2343,378,1,0.888578688,V,,,,
154,28,male,1,1,2,15,2,4,2,2,1,1,2,0,0,0,1,0,0,1,2631,1315,-459,0,0.47492718,V,,,,
155,60,male,3,0,2,24,3,4,4,2,1,0,4,0,0,0,1,0,0,1,2032,1219,125,1,0.735399698,V,,,,
156,45,male,3,2,1,6,1,4,4,1,2,0,2,0,1,1,0,0,0,4,1750,1050,229,1,0.862645415,V,,,,
157,24,female,0,0,1,24,1,4,3,1,1,1,4,1,1,0,0,0,0,4,1546,1546,-813,0,0.26224415,V,,,,
160,42,male,1,4,2,24,3,4,2,2,1,1,4,0,0,0,1,0,0,1,1965,1572,307,1,0.652967222,V,,,,
163,32,female,3,0,2,18,4,2,2,2,1,0,3,0,1,1,0,0,0,1,1530,1377,-653,0,0.700307656,V,,,,
165,38,female,1,0,2,15,2,4,4,1,1,0,4,0,0,1,0,0,0,0,1308,784,78,1,0.550052754,V,,,,
170,25,male,1,1,1,15,2,2,2,1,1,0,3,0,0,1,0,0,1,0,2631,1841,457,1,0.673628161,V,,,,
171,46,male,0,0,2,48,4,4,4,2,1,0,4,0,0,0,1,0,0,2,6331,5697,-2024,0,0.526660169,V,,,,
172,35,male,0,0,1,6,1,4,4,2,1,0,4,0,0,0,0,0,0,5,1198,838,-590,0,0.09831618,V,,,,
174,21,male,0,0,1,24,2,4,2,1,2,1,2,0,0,0,0,0,1,4,1987,1192,-693,0,0.565709995,V,,,,
178,25,male,0,0,2,36,4,2,2,3,1,0,3,0,0,1,1,0,0,5,8065,4839,-3043,0,0.155054681,V,,,,
186,43,female,3,4,2,24,4,4,3,2,1,0,3,0,0,1,1,0,0,2,4042,2425,301,1,0.99394121,V,,,,
188,46,male,2,0,2,6,4,4,4,2,2,0,1,0,0,1,0,1,1,1,1343,805,84,1,0.988899642,V,,,,
189,48,male,3,4,1,24,2,4,2,2,1,0,2,0,0,0,1,0,0,2,9277,5566,981,1,0.965428424,V,,,,
191,44,male,3,4,2,20,4,4,1,2,1,0,2,0,0,1,1,0,1,1,3485,2788,456,1,0.948968668,V,,,,
195,31,male,3,0,1,10,2,2,2,1,2,0,3,0,0,1,0,1,1,1,1546,1236,286,1,0.93207065,V,,,,
196,24,male,0,0,2,36,3,1,3,2,1,0,2,0,0,1,1,0,0,6,2145,1072,-673,0,0.861177885,V,,,,
199,33,male,3,0,1,48,2,2,0,3,1,1,3,0,1,0,1,0,0,6,4844,3390,-2152,0,0.314515368,V,,,,
200,34,male,3,1,1,15,1,4,4,1,2,0,4,0,1,1,0,0,0,4,1569,941,158,1,0.64734569,V,,,,
202,22,male,1,0,1,12,2,1,2,2,1,0,1,0,0,1,1,0,0,4,1567,1096,241,1,0.925513823,V,,,,
204,30,male,1,1,2,18,2,2,2,2,1,0,2,0,0,1,1,0,0,1,5866,2933,225,1,0.329004981,V,,,,
210,33,male,3,4,1,12,4,3,4,1,2,0,4,0,1,1,0,0,0,4,797,717,-302,0,0.978807416,V,,,,
212,28,male,1,0,1,18,2,3,3,1,1,1,3,0,0,0,0,0,1,1,6260,3756,708,1,0.368255666,V,,,,
221,26,female,3,0,2,27,3,4,3,2,1,0,3,0,0,1,0,0,0,6,5117,3581,647,1,0.856877054,V,,,,
223,30,male,3,0,2,12,2,2,2,2,1,0,4,0,1,1,0,0,1,4,707,565,90,1,0.78668245,V,,,,
224,35,male,3,1,1,12,2,1,3,2,1,0,3,0,0,1,0,0,0,4,2141,1712,445,1,0.975268104,V,,,,
227,36,male,0,0,3,18,4,4,4,3,1,0,2,0,0,0,1,0,0,1,5302,4771,564,1,0.399494753,V,,,,
228,36,female,1,4,1,48,1,4,0,3,1,0,4,0,0,0,1,0,0,1,12169,7301,1522,1,0.013583318,V,,,,
230,44,male,0,0,2,24,4,4,4,3,2,0,2,0,0,0,1,0,0,2,6419,4493,763,1,0.793257827,V,,,,
231,37,female,2,4,2,24,4,2,3,1,2,0,4,0,1,1,0,0,1,1,1344,806,-348,0,0.884890622,V,,,,
237,36,female,2,0,2,12,3,2,2,2,1,0,2,0,1,1,1,0,0,1,2247,1797,338,1,0.703347012,V,,,,
238,23,female,3,0,2,10,4,3,1,2,1,1,1,0,0,0,0,0,1,3,2146,1716,320,1,0.907244106,V,,,,
239,25,male,3,4,1,22,2,4,3,2,1,1,4,0,0,0,0,0,0,1,1283,898,215,1,0.870209334,V,,,,
244,36,female,0,0,3,6,4,4,0,3,1,0,4,0,0,0,1,0,0,3,1872,1497,155,1,0.278686083,V,,,,
246,34,female,3,0,2,12,0,4,4,2,1,0,2,0,0,1,0,0,0,3,2759,2207,421,1,0.737997786,V,,,,
249,57,male,0,3,2,30,2,4,4,2,1,1,4,0,0,0,1,0,0,3,3622,2173,302,1,0.556505021,V,,,,
253,53,male,0,0,2,48,0,4,2,2,2,0,3,0,0,0,0,0,0,3,7119,5695,-2010,0,0.063683206,V,,,,
254,41,male,3,0,1,12,3,4,2,2,1,1,4,0,0,0,0,0,1,2,1503,1503,427,1,0.956933848,V,,,,
255,31,male,0,4,1,30,2,4,4,2,1,0,4,0,0,1,0,0,0,3,6350,3810,-1837,0,0.469160548,V,,,,
262,29,male,0,3,1,21,2,2,1,2,1,0,4,0,1,1,0,0,0,4,3357,2685,766,1,0.281149315,V,,,,
263,38,female,3,4,1,48,2,2,2,2,1,0,4,0,1,1,0,0,1,6,3914,2348,-1440,0,0.818790628,V,,,,
269,33,male,3,0,2,15,3,3,2,2,1,0,4,0,1,1,0,0,1,4,1478,1330,255,1,0.880952913,V,,,,
272,46,female,3,4,1,21,2,4,4,3,1,0,4,0,0,1,1,0,1,2,2476,1733,453,1,0.986295473,V,,,,
274,44,male,1,0,1,8,2,2,3,1,1,0,4,1,0,1,0,0,1,4,760,608,135,1,0.881145281,V,,,,
275,41,male,3,4,1,21,2,3,4,2,1,0,4,0,0,1,1,0,0,4,3160,2212,429,1,0.961452648,V,,,,
289,36,female,1,4,2,30,4,4,4,2,1,0,4,0,0,1,0,0,1,1,2181,1962,319,1,0.72393802,V,,,,
292,25,male,1,4,1,30,2,4,4,2,1,0,2,0,0,1,0,0,0,4,2991,2691,802,1,0.868730549,V,,,,
297,29,male,3,4,1,15,2,2,2,2,1,0,3,0,0,1,0,0,0,1,3556,2844,632,1,0.829270132,V,,,,
298,29,female,0,0,2,24,1,4,0,0,1,1,1,0,0,0,0,0,0,1,1193,954,-424,0,0.146415281,V,,,,
301,45,male,0,0,1,42,2,4,3,2,2,0,2,1,0,0,0,0,0,3,7882,4729,792,1,0.41368512,V,,,,
314,47,female,3,0,2,18,2,4,2,2,1,0,4,0,1,0,0,0,0,3,1984,1785,405,1,0.637959485,V,,,,
317,70,female,1,0,1,10,2,4,0,3,1,0,2,0,1,0,1,0,0,1,7308,6577,2059,1,0.177389506,V,,,,
318,33,female,1,0,1,8,2,2,2,2,1,0,4,1,0,1,0,1,1,4,1414,848,194,1,0.927362945,V,,,,
319,50,female,3,3,1,24,4,4,2,2,1,0,4,0,0,1,1,0,1,3,3777,2266,492,1,0.96994425,V,,,,
321,21,male,0,0,1,12,2,4,3,2,1,1,4,0,0,0,0,0,0,0,902,902,-273,0,0.547039116,V,,,,
322,66,female,2,0,1,30,3,4,4,3,1,0,4,0,0,1,1,0,1,6,1908,1526,-1279,0,0.939869652,V,,,,
323,32,male,3,4,2,24,3,4,2,2,2,0,4,0,0,1,1,0,1,6,2978,2978,797,1,0.95650443,V,,,,
331,49,female,0,0,2,10,4,3,3,2,1,0,4,0,0,1,1,0,0,1,1038,830,126,1,0.711362714,V,,,,
332,25,female,1,0,1,12,2,3,3,1,1,0,2,0,1,1,0,0,0,1,685,685,-256,0,0.632450902,V,,,,
337,21,male,3,0,1,6,2,2,2,2,1,1,1,0,0,0,0,0,0,3,1766,1766,567,1,0.886157225,V,,,,
344,33,female,3,0,2,24,4,2,2,2,1,0,4,0,0,1,1,0,1,0,2058,1646,253,1,0.890446391,V,,,,
347,38,female,1,4,2,12,2,4,4,2,1,0,4,0,0,1,0,0,0,0,754,452,75,1,0.821772921,V,,,,
351,38,male,1,1,2,24,4,4,1,2,2,0,4,0,1,1,0,0,0,4,1216,972,-481,0,0.513922712,V,,,,
352,20,male,1,0,2,12,3,4,2,2,1,1,4,0,0,0,0,0,1,4,585,526,91,1,0.633076001,V,,,,
364,19,female,3,0,2,9,2,2,1,2,1,1,2,0,0,0,0,0,0,3,1980,1188,-398,0,0.562609437,V,,,,
366,42,female,1,1,4,36,3,4,4,3,1,0,2,0,0,1,1,0,0,1,8086,4043,-1774,0,0.256505673,V,,,,
370,44,male,0,4,2,6,4,3,1,1,2,0,1,0,0,1,0,0,1,1,4716,4244,747,1,0.800317042,V,,,,
372,25,male,0,0,2,9,4,4,2,1,1,0,4,0,0,1,0,0,1,4,1138,682,103,1,0.753044289,V,,,,
373,66,male,1,2,1,9,2,3,2,1,1,0,4,0,0,1,0,0,1,4,790,553,143,1,0.891195307,V,,,,
374,28,female,3,3,1,24,2,4,2,2,1,1,2,0,0,0,1,0,0,2,2603,1822,365,1,0.974258121,V,,,,
376,25,male,3,0,2,30,4,2,3,2,1,0,4,0,0,1,0,0,0,4,5771,5193,1122,1,0.809583822,V,,,,
379,23,female,1,1,1,12,2,2,1,1,1,0,4,0,1,1,0,0,0,1,836,501,-192,0,0.130541909,V,,,,
385,50,male,3,0,1,24,1,4,3,2,1,0,4,0,1,1,1,0,0,6,1559,1091,237,1,0.810699434,V,,,,
387,32,female,3,3,2,27,4,2,1,1,2,0,4,0,1,1,1,0,1,3,4526,4073,784,1,0.743286828,V,,,,
388,24,male,3,4,1,15,2,1,1,2,1,0,4,0,0,1,0,0,1,0,874,611,125,1,0.949267259,V,,,,
391,40,female,3,4,1,15,2,2,2,2,1,1,4,0,0,0,1,0,1,4,1386,693,150,1,0.951191847,V,,,,
394,42,female,3,2,2,12,4,4,4,2,2,0,4,0,0,1,1,0,0,4,522,261,36,1,0.956142873,V,,,,
398,36,female,0,0,1,60,2,4,4,2,1,1,4,0,0,0,0,0,0,6,7297,3648,-2507,0,0.09653478,V,,,,
400,30,male,0,0,1,36,2,3,0,3,1,0,4,0,0,1,1,0,0,3,3959,3167,916,1,0.137909539,V,,,,
401,53,male,0,0,2,24,3,4,2,2,2,0,3,0,0,0,0,0,0,1,4870,2922,-1742,0,0.196653518,V,,,,
405,58,male,0,0,2,48,4,4,4,1,1,0,4,0,1,0,0,0,0,2,6143,3685,-1770,0,0.465428681,V,,,,
409,52,male,0,0,1,10,2,4,4,1,1,0,3,0,0,1,0,0,1,4,2315,2083,648,1,0.77730888,V,,,,
415,23,female,3,0,1,21,4,4,1,2,1,0,4,0,0,1,1,0,0,3,2288,1830,389,1,0.786759654,V,,,,
416,36,male,1,1,1,24,3,4,3,3,1,1,4,0,0,0,1,0,0,6,6967,4876,989,1,0.68900722,V,,,,
417,36,female,3,2,1,36,2,4,4,2,1,0,4,0,0,1,0,0,0,1,909,727,192,1,0.626188876,V,,,,
427,32,male,3,0,2,10,4,4,4,1,2,0,3,0,0,1,0,1,1,1,1231,984,151,1,0.975245793,V,,,,
429,37,female,1,1,1,24,4,2,1,2,1,0,4,0,0,1,1,0,0,1,3878,2326,563,1,0.271421625,V,,,,
430,46,male,3,4,2,48,4,2,4,3,2,0,4,0,1,1,0,0,0,6,7629,6103,863,1,0.814612523,V,,,,
432,29,male,2,4,1,4,2,2,1,1,2,0,1,0,0,1,0,1,1,1,1494,1344,411,1,0.976115605,V,,,,
438,60,female,1,1,2,60,1,4,4,3,1,0,3,0,1,0,1,0,0,0,14782,7391,-2656,0,0.03272431,V,,,,
443,25,male,1,4,1,12,2,2,4,2,1,0,1,0,1,1,1,0,0,3,2762,1657,-638,0,0.889877653,V,,,,
445,30,female,1,0,1,48,4,3,2,3,1,0,2,0,0,1,1,0,0,3,5096,4076,-1739,0,0.713604622,V,,,,
447,34,male,3,0,2,18,2,1,3,2,1,0,4,0,1,1,1,0,0,6,1950,1170,160,1,0.930520712,V,,,,
452,54,male,3,4,1,24,2,1,1,2,1,0,4,0,0,1,0,0,0,1,2255,1804,423,1,0.860046076,V,,,,
456,67,male,1,0,2,9,2,4,3,3,1,0,4,0,0,1,1,0,0,5,1199,1079,215,1,0.709750869,V,,,,
458,27,male,1,0,2,9,2,4,4,1,1,0,4,0,0,1,0,0,0,4,1082,973,215,1,0.603525656,V,,,,
459,52,male,3,4,1,12,2,4,4,3,1,0,4,0,0,0,1,0,0,1,2133,1919,600,1,0.912700399,V,,,,
460,40,female,0,4,1,24,1,3,4,3,1,0,4,0,1,1,1,0,0,0,1358,950,-376,0,0.551086216,V,,,,
461,23,female,2,0,1,10,2,2,1,2,1,0,4,0,0,1,0,0,0,3,1275,765,156,1,0.467770458,V,,,,
463,65,female,0,0,2,18,2,4,2,2,1,0,4,0,0,0,0,0,0,4,2600,1560,-557,0,0.431825285,V,,,,
475,30,male,0,4,2,39,4,4,3,3,1,0,4,0,0,1,1,0,0,3,14179,7089,662,1,0.474168691,V,,,,
486,45,male,3,0,2,36,3,2,4,2,2,0,2,0,0,1,1,0,0,1,10875,7612,1341,1,0.398723727,V,,,,
491,36,male,3,0,1,24,2,1,4,3,1,0,4,0,0,1,1,0,1,4,1278,1022,247,1,0.953095266,V,,,,
496,29,male,0,0,1,12,2,4,2,2,1,0,4,1,0,1,1,0,0,1,1893,1514,363,1,0.411027556,V,,,,
497,22,female,1,0,1,6,2,1,1,1,1,0,3,0,0,1,0,0,0,0,454,363,81,1,0.668666016,V,,,,
502,32,male,0,1,1,24,2,2,2,1,1,0,4,0,0,1,0,0,0,4,1282,769,-352,0,0.488956991,V,,,,
503,36,female,0,0,1,6,2,2,2,1,1,0,1,0,1,1,1,0,1,3,1374,961,251,1,0.769875172,V,,,,
505,35,male,3,0,2,11,4,4,1,3,1,0,4,0,0,1,0,0,0,1,1393,835,93,1,0.686584311,V,,,,
517,32,female,3,2,1,6,2,2,2,2,1,0,1,0,0,1,1,0,0,3,2978,2978,996,1,0.941929264,V,,,,
522,39,female,1,4,2,6,4,3,3,1,1,0,1,0,0,1,0,0,0,0,932,652,78,1,0.989361649,V,,,,
523,27,male,3,0,2,36,0,2,2,2,1,0,4,0,0,1,0,0,0,0,2613,2613,673,1,0.384665216,V,,,,
527,37,male,1,0,1,15,2,3,4,2,2,0,4,0,0,1,0,0,0,4,802,561,-263,0,0.647425862,V,,,,
528,32,male,3,0,1,9,2,2,2,2,2,0,1,0,0,1,0,0,1,4,2697,1887,390,1,0.937858393,V,,,,
531,33,male,3,3,1,6,2,2,2,2,1,0,4,0,0,1,0,0,1,3,1543,1234,341,1,0.925726445,V,,,,
534,44,male,0,0,1,6,4,4,2,3,1,1,1,0,0,0,1,0,1,3,3384,3384,-1846,0,0.920208033,V,,,,
535,43,female,3,0,1,15,4,2,2,1,1,0,4,0,0,1,0,0,0,4,1459,1021,258,1,0.925841282,V,,,,
540,32,female,1,1,1,39,3,3,3,2,1,1,2,0,0,0,1,0,0,5,11760,7056,1248,1,0.268958017,V,,,,
541,22,male,1,0,1,24,2,1,1,2,1,0,1,0,0,1,1,0,0,4,2039,1631,-926,0,0.7984545,V,,,,
542,35,male,3,0,2,36,4,2,4,2,2,0,2,0,0,1,1,0,0,2,5842,4089,666,1,0.930652088,V,,,,
550,20,male,0,4,1,24,2,4,2,2,1,0,2,0,0,1,0,0,0,3,2996,2696,-1242,0,0.769827929,V,,,,
559,20,male,0,0,1,18,2,4,2,2,1,1,1,0,1,0,0,0,1,3,2039,1223,-517,0,0.577911545,V,,,,
561,22,male,0,2,1,24,1,4,2,2,1,0,4,0,1,1,1,0,1,3,2828,1696,334,1,0.196649249,V,,,,
566,22,male,0,0,1,14,2,4,0,2,1,0,1,0,0,0,0,0,0,1,3973,2781,536,1,0.125778798,V,,,,
569,34,female,3,4,1,60,2,4,2,2,2,0,4,0,0,0,1,0,0,1,6527,6527,2161,1,0.419977103,V,,,,
575,28,male,0,0,2,13,4,1,1,1,1,0,3,0,1,1,0,0,0,6,1797,898,115,1,0.657310332,V,,,,
578,25,male,0,4,1,24,2,4,2,2,1,1,4,0,0,0,0,0,1,1,1371,1096,-388,0,0.456621201,V,,,,
580,22,female,3,1,1,9,2,4,1,2,1,1,2,0,0,0,0,0,0,3,2301,2301,722,1,0.759425874,V,,,,
583,30,male,0,0,2,21,4,3,4,2,1,0,4,0,0,1,1,0,0,1,1602,961,124,1,0.447433945,V,,,,
585,35,female,1,4,1,21,2,3,3,2,1,0,2,0,0,1,1,0,0,3,3976,3976,1113,1,0.929377531,V,,,,
588,40,male,1,3,2,11,4,4,2,2,1,0,4,0,0,1,0,0,0,1,1322,1322,345,1,0.761006022,V,,,,
589,53,male,0,0,1,12,2,4,1,2,1,0,4,0,0,1,0,0,0,5,795,477,-413,0,0.218261786,V,,,,
595,30,male,1,2,2,48,0,1,1,2,1,0,1,0,0,1,0,0,0,1,8358,7522,1804,1,0.087759068,V,,,,
596,57,male,0,3,2,24,4,4,4,3,1,1,4,0,0,0,1,0,0,4,1231,738,76,1,0.891577452,V,,,,
599,25,male,0,0,2,15,4,3,2,2,1,1,4,0,0,0,0,0,0,3,1433,859,128,1,0.513869539,V,,,,
603,39,male,3,0,1,6,0,4,4,1,1,0,4,0,0,1,0,0,0,4,426,383,117,1,0.837250381,V,,,,
612,30,female,0,4,1,42,2,3,3,3,1,0,4,0,0,1,1,0,0,4,7174,5739,-3167,0,0.659360696,V,,,,
617,33,female,0,0,1,18,2,2,0,2,1,0,4,0,0,1,0,0,0,3,1131,678,-313,0,0.130877831,V,,,,
623,27,female,1,3,2,48,2,2,3,2,1,0,1,0,1,1,1,0,0,4,10961,7672,-3241,0,0.502781131,V,,,,
624,23,female,1,4,1,6,2,2,0,0,1,0,1,0,0,1,1,0,0,1,14555,11644,-5406,0,0.370679716,V,,,,
629,26,female,0,0,1,48,2,3,3,2,2,0,4,0,0,1,0,0,0,2,4788,2394,472,1,0.421582023,V,,,,
632,38,male,0,0,1,12,2,3,2,1,2,0,2,1,0,1,0,0,0,3,708,708,242,1,0.796839307,V,,,,
633,49,male,3,4,1,12,4,4,4,2,1,1,2,0,0,0,1,0,0,3,5801,3480,747,1,0.984605037,V,,,,
636,49,male,3,4,1,12,4,4,4,2,1,0,1,0,0,1,1,0,1,4,2331,1165,228,1,0.997678858,V,,,,
637,27,male,3,0,2,18,4,1,3,2,1,0,3,0,0,1,0,0,0,2,3850,2695,324,1,0.984320078,V,,,,
640,55,female,0,0,1,12,2,4,0,3,1,0,3,0,0,0,0,0,0,3,2578,1546,318,1,0.262000486,V,,,,
641,43,male,3,4,2,24,4,4,3,2,2,0,4,0,0,1,1,0,0,2,2197,1098,139,1,0.99286845,V,,,,
655,37,male,3,0,1,24,4,4,2,2,1,0,4,0,0,1,1,0,0,1,2022,1617,446,1,0.843105246,V,,,,
656,28,male,1,1,2,18,0,3,1,2,1,0,3,0,0,1,0,0,0,1,2278,1822,-868,0,0.116570374,V,,,,
659,36,male,0,0,2,9,4,2,2,2,2,1,2,0,0,0,0,0,1,1,2799,1399,150,1,0.449651345,V,,,,
660,23,male,0,0,2,24,2,4,3,2,1,1,4,0,0,0,0,0,0,1,1442,1009,-595,0,0.192113849,V,,,,
666,41,male,1,0,1,12,2,4,4,1,2,0,4,0,1,1,0,0,0,1,888,799,-311,0,0.329791374,V,,,,
667,34,male,1,3,1,30,1,2,2,2,2,0,4,0,1,1,1,0,0,3,3496,2796,692,1,0.234226272,V,,,,
669,27,female,2,4,2,10,4,2,3,2,1,0,4,0,0,1,1,0,0,4,1347,942,173,1,0.977510811,V,,,,
671,24,female,1,1,1,48,2,2,3,2,1,0,3,0,0,1,0,0,0,1,6560,5904,-2623,0,0.161906639,V,,,,
676,74,female,2,0,3,6,4,1,2,0,2,0,1,0,0,1,0,1,1,1,1299,909,109,1,0.998422208,V,,,,
678,37,male,3,0,2,36,4,4,3,2,1,0,4,0,0,1,1,0,0,1,3535,3181,710,1,0.808507217,V,,,,
681,26,male,1,0,1,6,2,3,1,1,1,0,3,0,0,1,0,1,1,4,590,413,111,1,0.919806402,V,,,,
683,33,male,0,0,3,18,4,4,4,2,1,1,1,0,1,0,1,0,1,1,3966,3569,-1955,0,0.513892152,V,,,,
685,68,male,3,4,2,18,2,4,2,2,1,1,2,0,0,0,0,0,0,1,6761,4056,-1421,0,0.871685753,V,,,,
688,36,male,0,0,1,18,1,4,1,3,1,0,3,0,1,0,1,0,0,4,1940,970,141,1,0.161274394,V,,,,
691,24,male,0,4,1,21,2,2,3,1,1,0,2,0,0,1,0,1,1,1,3763,3763,1324,1,0.930416645,V,,,,
692,32,male,3,1,1,10,2,2,2,2,2,0,1,0,0,1,0,0,1,2,2848,1993,396,1,0.974245788,V,,,,
695,30,female,0,2,1,24,1,4,1,2,2,0,4,0,0,0,1,0,0,3,3349,2009,-615,0,0.056735807,V,,,,
696,49,male,2,4,2,30,4,4,4,1,1,0,4,0,1,1,0,0,0,4,3656,3290,651,1,0.943234294,V,,,,
698,64,male,1,0,1,6,2,3,2,2,1,0,2,1,0,1,0,0,1,4,753,376,69,1,0.956395766,V,,,,
700,40,female,0,0,1,30,2,4,2,3,1,0,4,0,0,1,1,0,0,2,3857,3471,1057,1,0.62493689,V,,,,
706,31,female,3,0,2,36,4,2,2,2,1,0,2,0,1,1,0,0,0,4,9566,7652,1185,1,0.650135039,V,,,,
707,22,female,1,3,1,12,2,1,2,2,1,0,4,0,0,1,0,0,1,1,1007,805,174,1,0.709021571,V,,,,
709,47,female,1,1,1,36,2,4,2,2,2,0,1,0,0,0,1,0,0,5,12612,6306,-4459,0,0.160123826,V,,,,
714,66,male,1,2,1,12,2,3,2,1,1,0,4,0,0,1,0,0,1,4,766,689,-368,0,0.88510784,V,,,,
717,20,male,1,3,1,11,2,1,1,2,1,0,4,0,0,1,0,0,1,3,1577,946,170,1,0.723970285,V,,,,
723,53,male,0,0,1,12,2,4,4,3,1,0,4,0,0,0,1,0,0,3,7865,5505,-2364,0,0.323712178,V,,,,
726,29,male,0,0,1,12,1,1,2,2,1,0,4,0,0,0,0,0,0,4,2149,2149,-1220,0,0.29722995,V,,,,
728,49,male,0,4,1,12,2,4,4,1,1,0,2,0,0,1,1,0,0,3,1262,1262,436,1,0.939303591,V,,,,
730,45,female,3,4,1,10,2,2,4,1,1,0,4,0,0,1,0,1,0,1,1287,1158,306,1,0.973006861,V,,,,
738,36,male,3,4,1,7,3,4,4,2,1,0,3,0,0,0,0,0,0,4,846,423,77,1,0.980512051,V,,,,
739,40,female,1,0,2,18,4,4,0,3,1,0,4,0,1,1,1,0,0,3,7374,6636,1159,1,0.205265523,V,,,,
741,27,male,0,0,1,15,2,2,1,2,1,0,4,0,0,1,0,1,1,4,1053,631,119,1,0.703365702,V,,,,
745,35,female,1,0,1,7,2,2,2,2,1,0,2,1,0,1,0,0,1,4,2576,2318,692,1,0.830771727,V,,,,
746,35,male,0,0,1,12,2,4,4,2,1,0,3,0,0,0,1,0,0,2,3386,3047,-1723,0,0.728743103,V,,,,
747,32,female,3,4,2,48,3,3,4,2,2,0,3,0,1,1,0,0,0,4,7238,5790,907,1,0.792377194,V,,,,
748,25,female,2,0,1,24,2,2,3,2,1,0,4,0,1,1,0,0,0,4,5152,2576,377,1,0.57608668,V,,,,
750,40,male,3,0,2,24,4,3,3,2,1,0,4,0,0,1,0,0,0,3,1585,1268,196,1,0.938120305,V,,,,
753,42,male,3,0,2,4,4,1,3,1,2,0,2,0,0,1,0,0,1,4,1503,1202,182,1,0.993275968,V,,,,
754,37,female,1,0,1,18,4,4,4,2,1,0,3,0,0,1,1,0,0,3,3612,3250,1045,1,0.793449811,V,,,,
759,21,female,0,0,1,12,2,1,2,1,1,0,4,1,0,1,0,0,0,3,1289,773,133,1,0.653693516,V,,,,
760,36,female,1,0,3,24,0,4,2,1,1,0,1,0,0,1,1,0,1,6,4241,3816,-2676,0,0.579971724,V,,,,
763,29,male,1,1,1,9,1,3,3,2,1,0,2,0,0,1,0,0,0,1,1437,1005,-356,0,0.526961171,V,,,,
769,30,female,1,1,1,36,3,3,4,2,1,0,4,0,0,0,0,0,0,1,2862,2862,782,1,0.245193233,V,,,,
774,35,female,0,1,1,18,2,4,2,1,2,0,3,0,0,1,1,0,0,1,4380,3504,783,1,0.30395427,V,,,,
776,39,female,2,4,2,15,4,4,2,2,1,0,3,0,0,0,1,0,0,4,1271,762,-256,0,0.977369509,V,,,,
778,25,male,0,0,1,18,2,1,3,2,1,0,4,1,0,1,0,0,1,4,3509,2105,502,1,0.801221863,V,,,,
779,38,male,3,4,2,48,4,3,4,2,2,0,4,0,0,1,1,0,0,2,2751,1925,361,1,0.976974067,V,,,,
782,24,female,3,0,2,6,4,2,3,2,1,1,1,0,0,0,1,0,0,4,1554,1554,346,1,0.97779681,V,,,,
784,23,male,3,0,1,4,2,3,1,1,2,1,1,0,0,0,0,0,1,3,601,601,191,1,0.889006415,V,,,,
785,28,female,3,0,1,24,2,2,1,2,1,0,4,0,0,1,0,0,1,1,1249,749,176,1,0.35143936,V,,,,
786,28,female,3,0,1,15,4,2,2,2,1,0,4,0,0,0,1,0,0,3,3343,1671,357,1,0.809001956,V,,,,
793,39,male,0,0,3,48,2,4,3,2,2,0,4,0,1,0,1,0,0,2,10297,7207,-4283,0,0.13491469,V,,,,
794,30,male,1,0,1,6,2,3,1,3,1,1,4,0,0,0,1,0,0,4,2063,2063,659,1,0.486514914,V,,,,
795,38,female,3,4,1,12,2,4,0,3,1,0,4,0,0,1,1,0,0,1,2859,2287,509,1,0.715282559,V,,,,
797,54,male,3,0,1,15,2,2,4,3,1,1,4,0,1,0,1,0,0,4,3568,3568,1238,1,0.797887546,V,,,,
800,38,female,3,0,1,12,2,4,4,2,1,0,4,0,0,1,0,0,0,4,804,402,61,1,0.879349118,V,,,,
804,37,female,2,0,1,10,2,2,2,2,1,0,2,0,0,1,1,0,0,0,1225,612,102,1,0.909189382,V,,,,
809,30,male,0,1,1,18,2,3,3,3,2,0,4,0,0,1,1,0,0,1,2249,1574,421,1,0.463673503,V,,,,
815,28,male,0,0,2,36,4,2,2,2,1,0,3,1,0,1,0,0,0,3,5371,4833,1137,1,0.433893148,V,,,,
826,23,female,3,1,1,15,2,4,1,2,1,0,1,0,0,1,1,0,0,2,3812,3812,1205,1,0.94432552,V,,,,
830,43,male,3,0,1,18,2,4,2,2,1,0,3,0,0,1,1,0,1,3,2515,1257,235,1,0.921294511,V,,,,
835,34,female,3,1,2,6,3,2,2,1,1,0,1,0,0,1,0,0,1,6,1743,1045,135,1,0.971540776,V,,,,
837,42,male,0,0,1,36,2,2,4,2,2,0,4,0,0,1,0,0,0,3,3446,3101,-1708,0,0.208656061,V,,,,
840,46,female,1,0,2,12,2,1,4,2,1,1,1,0,0,0,0,0,1,1,1223,856,-335,0,0.754747579,V,,,,
844,65,male,0,0,2,42,4,4,0,0,1,0,4,0,0,1,0,0,0,0,3394,2036,258,1,0.598187993,V,,,,
850,32,male,1,0,1,18,2,2,4,1,1,0,4,1,0,1,0,0,1,4,1301,650,121,1,0.71164709,V,,,,
861,33,male,3,0,1,18,2,1,1,2,1,0,4,0,0,1,0,0,1,4,2051,1435,343,1,0.847104007,V,,,,
863,36,male,3,2,2,42,4,4,2,2,1,0,4,0,0,1,1,0,1,3,4042,3233,650,1,0.879161123,V,,,,
864,34,female,3,0,1,12,2,3,1,2,2,0,4,0,0,1,0,0,0,4,1493,1045,266,1,0.699213446,V,,,,
865,38,male,2,0,1,24,2,3,3,2,2,0,4,0,1,0,0,0,0,1,947,947,-411,0,0.538265444,V,,,,
866,28,male,1,0,2,30,0,1,2,2,1,0,2,0,0,1,0,0,0,6,4221,2954,414,1,0.500357876,V,,,,
875,26,male,3,4,1,21,2,3,2,2,1,0,1,0,0,1,0,0,0,2,5248,2624,487,1,0.985558713,V,,,,
877,28,female,1,0,3,12,4,4,4,2,1,1,1,0,0,0,1,0,0,3,3617,3255,535,1,0.780953751,V,,,,
881,55,male,1,0,1,42,1,2,0,3,1,0,1,0,1,0,1,0,0,2,9283,8354,2423,1,0.131715873,V,,,,
886,29,male,0,0,1,15,2,2,2,2,1,0,3,0,0,1,1,0,0,1,3959,2771,-1073,0,0.242145696,V,,,,
888,27,female,0,0,1,9,2,2,1,3,1,0,3,0,0,0,1,0,0,1,1422,995,-316,0,0.141814549,V,,,,
890,33,female,3,4,1,15,2,4,3,1,1,1,1,0,1,0,0,0,1,3,2186,1530,374,1,0.982887464,V,,,,
892,33,male,0,1,1,24,2,1,0,2,1,0,1,0,0,1,0,0,0,3,2359,2123,-1023,0,0.597572768,V,,,,
893,58,female,3,4,1,30,2,4,4,2,1,0,4,0,0,1,1,0,0,4,1867,1120,242,1,0.966180271,V,,,,
896,45,female,0,0,1,28,2,2,2,1,1,0,3,0,0,1,0,0,0,1,4006,2804,-1282,0,0.184820629,V,,,,
897,29,female,3,4,1,42,2,4,3,2,1,1,2,0,0,0,1,0,0,4,7166,5016,1013,1,0.935472663,V,,,,
899,29,male,0,0,1,24,2,2,0,3,1,0,4,0,0,0,1,0,0,2,6579,3947,794,1,0.138980893,V,,,,
903,63,male,0,0,2,60,3,4,4,2,1,0,3,0,0,1,1,0,0,6,6836,3418,-2339,0,0.428244688,V,,,,
908,22,male,1,0,1,30,2,1,1,2,1,0,2,0,0,1,0,0,0,3,3832,3448,857,1,0.475268125,V,,,,
914,44,male,2,0,1,12,2,2,2,1,1,1,2,0,0,0,1,0,0,4,1881,1128,264,1,0.910107578,V,,,,
915,46,male,3,3,2,18,4,4,4,2,1,0,4,0,0,1,0,0,0,4,1582,1582,344,1,0.972281111,V,,,,
926,57,female,3,1,3,11,4,4,0,1,1,0,4,0,0,1,0,0,1,4,1154,1154,219,1,0.884173415,V,,,,
927,25,female,3,4,2,24,2,2,4,2,1,0,4,0,0,1,0,0,0,4,999,999,197,1,0.885894295,V,,,,
933,28,female,1,0,1,6,2,4,4,2,2,0,4,0,0,1,0,0,0,4,1068,640,152,1,0.585608333,V,,,,
934,31,female,1,0,1,10,2,2,2,1,1,0,4,0,0,1,0,0,0,3,1521,912,207,1,0.46447503,V,,,,
944,26,female,2,0,1,12,1,1,1,0,1,0,4,0,0,1,0,0,1,6,609,548,-349,0,0.841121701,V,,,,
945,61,female,1,3,2,15,3,3,2,2,1,0,3,0,1,1,0,0,0,0,1512,907,-338,0,0.886319347,V,,,,
949,26,male,3,0,1,6,2,3,2,2,1,1,2,1,0,0,0,0,0,1,3518,3518,1046,1,0.809870595,V,,,,
953,41,male,0,0,1,6,2,4,1,1,2,0,3,0,0,1,1,0,1,1,662,595,182,1,0.384679088,V,,,,
963,64,female,3,4,1,9,2,4,4,1,1,0,1,0,0,1,0,0,1,5,3832,1916,323,1,0.975862498,V,,,,
967,47,male,2,0,1,30,4,4,4,2,1,0,4,0,0,1,0,0,0,4,3017,1810,323,1,0.894307968,V,,,,
969,31,female,0,3,1,12,2,3,2,2,2,0,1,0,0,1,0,0,0,1,3651,3285,882,1,0.632096532,V,,,,
970,40,female,2,0,1,15,2,4,4,3,1,1,4,0,0,0,1,0,0,5,1905,1143,208,1,0.590921886,V,,,,
971,37,male,1,0,1,9,2,2,2,1,2,0,2,0,0,1,0,0,1,4,2118,2118,630,1,0.777426249,V,,,,
979,27,male,0,0,1,40,4,3,2,2,1,0,4,0,1,1,1,0,0,5,5998,4198,-3572,0,0.177722617,V,,,,
986,26,female,3,1,1,9,2,2,2,2,2,1,1,1,0,0,0,1,1,1,3577,2146,481,1,0.960691846,V,,,,
989,40,female,3,4,2,28,1,4,1,2,2,1,3,1,1,0,1,0,1,2,7824,7041,1536,1,0.690941996,V,,,,
991,33,male,1,4,1,9,2,2,2,1,1,0,1,0,0,1,0,0,1,1,3195,2556,679,1,0.847811828,V,,,,
996,30,female,1,1,1,24,2,4,4,2,1,0,4,0,0,0,0,0,0,3,3069,1841,322,1,0.365990689,V,,,,
997,40,female,0,0,2,11,4,2,2,1,2,0,1,0,0,1,0,0,1,1,3939,2363,324,1,0.576731367,V,,,,
999,48,male,1,0,2,24,4,2,4,1,1,0,4,0,0,1,0,0,0,4,1743,1394,202,1,0.721250031,V,,,,
1000,27,male,1,1,1,45,4,4,0,2,1,0,3,0,0,1,0,0,0,2,4576,4118,1200,1,0.572555616,V,,,,
