OBS,AGE,GENDER,CHK_ACCT,SAV_ACCT,NUM_CREDITS,DURATION,HISTORY,PRESENT_RESIDENT,EMPLOYMENT,JOB,NUM_DEPENDENTS,RENT,INSTALL_RATE,GUARANTOR,OTHER_INSTALL,OWN_RES,TELEPHONE,FOREIGN,REAL_ESTATE,TYPE,AMOUNT_REQUESTED,CREDIT_EXTENDED,NPV,IsProfitable,MySample,NPV_Predicted
836,28,male,3,0,1,12,2,2,2,2,1,0,4,0,0,1,0,0,1,4,776,543,104,1,T,409.3278262
679,40,male,3,2,1,22,2,4,4,2,1,0,3,0,0,1,0,0,0,4,2675,1605,289,1,T,238.6967348
129,50,female,3,0,1,12,2,2,2,2,1,0,4,0,0,1,0,0,1,3,1574,1416,446,1,T,270.65328
930,32,female,1,3,2,21,4,2,3,2,1,0,3,0,0,1,1,0,0,3,2745,1647,171,1,T,161.9870791
509,29,male,3,0,2,12,4,2,2,3,1,0,4,1,0,1,1,0,1,6,1412,988,181,1,T,-181.1161407
471,32,male,1,0,1,27,2,1,1,2,2,0,4,0,0,1,1,0,0,6,2528,1769,424,1,T,-1196.513856
299,28,male,2,1,1,21,2,1,2,3,1,0,1,0,1,1,1,0,0,1,2923,1753,357,1,T,164.0900952
270,29,male,1,1,1,24,2,1,1,2,1,0,2,0,0,1,0,0,0,4,2896,2027,390,1,T,-273.0863216
978,67,male,1,0,1,18,2,4,0,2,1,0,2,0,0,1,1,0,0,0,3872,3872,1149,1,T,-454.9704662
187,28,female,3,0,1,18,3,2,2,2,1,0,4,0,0,1,1,0,0,6,2169,1952,-1355,0,T,-138.23329
307,25,male,1,0,1,48,0,2,2,2,1,0,2,0,0,1,1,0,0,6,14421,10094,-7360,0,T,-2215.01928
597,26,male,1,4,1,30,2,1,2,2,1,0,4,0,0,1,0,0,0,4,1715,1029,240,1,T,8.279915569
277,24,male,0,0,1,12,2,3,2,1,1,0,4,0,0,1,0,0,0,4,2214,1328,266,1,T,-46.19223307
874,45,female,3,0,2,6,4,3,3,3,2,0,1,0,0,1,1,0,0,1,6761,6084,1037,1,T,387.9669198
950,28,female,2,1,2,6,4,4,4,2,2,0,2,0,0,1,1,0,0,1,1323,1058,166,1,T,454.4906021
494,23,female,0,0,1,12,2,1,2,2,1,0,4,0,1,1,0,0,0,4,1498,1498,439,1,T,-46.19223307
330,56,male,2,0,1,42,4,4,4,2,1,0,4,0,0,0,0,0,0,2,4796,3357,764,1,T,-96.6661584
775,37,male,0,0,1,12,2,1,1,1,1,0,3,0,0,1,0,0,1,1,1274,637,-268,0,T,-265.9635562
841,26,male,3,2,1,24,2,2,4,3,1,0,3,0,0,1,1,0,0,4,3235,1617,258,1,T,196.1622716
591,20,male,0,0,1,12,2,2,2,3,2,1,2,0,0,0,1,0,1,4,1107,885,208,1,T,-59.3474173
725,35,male,3,1,1,6,0,1,2,2,1,1,4,0,1,0,0,1,0,1,1204,722,147,1,T,-603.9161569
37,61,male,1,4,1,18,2,4,2,2,1,0,4,0,0,0,0,0,0,5,1239,867,194,1,T,-209.6819788
105,26,male,1,2,1,12,2,1,2,2,1,0,3,0,0,1,1,0,0,4,1158,926,253,1,T,111.0190007
729,31,female,1,1,1,48,3,4,0,3,1,0,2,0,0,0,1,0,0,0,7582,6065,1366,1,T,-666.4744854
878,38,male,3,3,2,36,4,2,4,3,1,0,4,0,0,1,1,0,0,2,5711,4568,987,1,T,135.38571
485,47,male,3,0,3,18,2,4,4,2,2,0,4,0,1,1,1,0,0,3,3422,3079,322,1,T,-516.4304878
677,31,male,0,0,1,30,2,4,1,1,1,0,2,0,0,1,0,0,0,3,3108,2797,-1444,0,T,-674.6656054
802,44,male,1,0,1,24,2,2,4,3,1,0,4,0,0,0,1,0,0,2,12579,10063,-3320,0,T,-513.0703569
987,24,male,0,0,1,12,2,4,4,2,1,1,4,0,0,0,0,0,0,3,652,456,112,1,T,-435.8487933
382,54,female,0,0,1,48,2,4,2,2,1,0,3,0,0,1,0,0,0,0,3051,1830,-555,0,T,-886.4662427
601,53,male,3,2,1,24,2,4,4,2,1,0,3,0,0,1,0,0,0,3,2835,1984,411,1,T,57.48772542
940,43,male,3,3,2,24,4,1,2,1,1,0,4,0,0,1,0,0,1,4,1516,1061,172,1,T,466.4518287
801,61,male,3,3,1,12,2,4,3,1,1,0,2,0,0,1,0,0,1,4,3059,2447,540,1,T,1059.019886
852,43,male,0,1,1,6,2,2,4,2,1,0,3,0,0,1,1,0,0,1,1203,842,162,1,T,-11.24017046
931,22,female,1,0,1,9,2,4,2,1,1,1,4,0,0,0,0,0,1,1,276,220,50,1,T,-428.9803675
326,35,male,3,1,2,24,3,3,2,2,1,0,2,0,0,1,0,0,0,3,4151,2490,413,1,T,244.2878399
984,46,male,3,0,2,24,4,3,4,2,1,0,4,0,0,1,0,0,1,4,2611,2349,482,1,T,125.5130794
554,33,male,2,0,1,21,4,1,1,2,1,1,2,0,0,0,0,0,0,5,2319,1159,-874,0,T,-141.1971017
422,51,male,3,4,1,36,4,2,4,2,1,0,4,0,0,1,1,0,0,4,3342,2673,725,1,T,443.0770547
111,24,male,1,0,1,36,2,4,3,2,1,1,4,0,0,0,0,0,0,4,2323,1393,296,1,T,-541.8279733
404,33,female,2,0,1,12,2,1,1,3,1,0,4,0,1,1,1,0,0,3,1474,1474,454,1,T,162.6516319
924,39,male,0,0,1,30,2,3,4,2,2,0,1,1,0,1,0,0,0,4,2522,1765,376,1,T,-468.8340739
532,31,female,0,0,1,36,1,4,4,2,1,0,4,0,1,1,0,0,0,3,2746,2196,-989,0,T,-1192.416066
506,26,female,3,4,1,6,1,2,2,1,2,0,1,1,1,1,0,0,1,1,783,626,163,1,T,328.7884743
556,22,male,1,0,1,12,2,1,1,2,1,0,2,0,1,1,0,0,0,4,1331,798,-277,0,T,-275.837711
889,34,male,3,0,2,36,4,4,4,3,1,0,4,0,0,1,1,0,0,1,6614,3307,261,1,T,-638.4666823
343,34,male,3,1,2,21,3,3,3,3,1,0,4,0,0,1,0,0,1,3,1591,1431,249,1,T,854.6696747
582,54,female,1,0,1,36,3,2,2,2,1,1,2,0,0,0,0,0,0,1,7432,4459,801,1,T,-821.4856764
121,27,male,0,0,1,12,2,3,2,1,1,0,4,0,0,1,0,0,1,1,1168,934,251,1,T,-158.9748991
40,30,male,3,0,1,18,2,2,2,3,1,0,2,0,0,1,1,0,0,1,1820,1820,542,1,T,-227.0485458
684,21,male,3,4,1,12,2,2,2,2,1,0,4,0,0,1,0,0,0,4,886,797,197,1,T,771.2718067
537,36,female,3,0,1,12,2,4,3,2,1,0,2,0,0,1,1,0,0,6,1542,925,163,1,T,-41.75002128
375,22,female,0,2,1,24,1,4,2,2,1,0,4,0,1,1,1,0,1,3,2483,2234,565,1,T,-419.514402
248,28,male,0,0,1,9,2,3,2,1,1,0,4,0,0,1,0,0,0,1,654,457,-188,0,T,-293.1683624
198,43,male,3,0,1,24,2,4,2,1,2,0,1,0,0,1,0,0,0,1,7393,4435,767,1,T,-354.6519355
378,52,female,3,1,2,24,4,4,4,2,1,0,4,0,1,1,0,0,0,4,2223,1333,188,1,T,185.4760901
39,39,male,0,4,1,20,2,4,3,2,1,0,4,0,0,1,1,0,0,3,2212,2212,611,1,T,553.5194883
435,37,male,2,0,1,10,2,1,1,1,2,0,1,1,0,1,0,0,0,1,3949,3159,925,1,T,33.08281717
810,36,male,1,0,1,36,4,4,4,2,1,0,4,0,0,1,0,0,1,4,2337,2337,698,1,T,-299.0486478
390,34,male,1,0,2,36,4,4,2,2,1,0,3,0,0,1,1,0,0,2,5800,4640,651,1,T,-506.0714179
280,27,female,3,4,2,6,4,2,2,2,1,0,1,0,0,1,0,0,0,3,1221,854,148,1,T,771.4243546
672,40,male,3,4,2,30,4,2,4,2,2,0,3,0,0,1,1,0,0,4,3077,1538,112,1,T,359.8536702
526,27,female,1,4,1,60,3,1,2,1,1,0,1,0,0,1,0,0,1,4,7418,5192,1304,1,T,-52.03677198
642,33,female,0,0,1,12,2,1,1,1,2,0,4,0,0,1,0,0,1,1,2579,2321,-1291,0,T,-265.9635562
45,39,female,3,0,1,12,2,4,4,3,1,0,4,0,0,1,1,0,0,1,1884,1507,415,1,T,-139.2768278
402,28,male,0,0,1,15,2,4,2,2,1,1,2,0,0,0,0,0,0,1,1403,1122,257,1,T,-631.9220944
22,33,male,3,4,2,9,4,2,2,2,2,0,1,0,0,1,0,0,1,4,3074,2151,262,1,T,1044.292364
718,52,female,0,2,2,6,4,4,4,2,1,0,4,0,0,1,0,0,0,4,338,202,22,1,T,332.6712439
742,23,male,0,4,2,18,3,2,2,2,1,1,1,0,0,0,1,0,0,5,8471,4235,463,1,T,81.85317076
193,37,male,3,2,1,48,3,1,3,3,1,0,4,0,0,1,1,0,0,4,12749,12749,3442,1,T,453.8704691
371,41,female,1,1,2,30,3,2,4,2,1,0,4,0,1,1,0,0,0,6,2503,2002,313,1,T,-766.3220685
499,30,female,3,0,2,24,4,2,3,1,1,0,2,0,0,1,0,0,0,3,2028,1419,217,1,T,177.2600287
104,27,male,0,0,1,24,2,2,2,2,1,0,2,0,1,1,0,0,0,3,4020,3618,879,1,T,-440.0735587
965,40,female,0,0,1,12,2,4,2,1,2,1,4,0,0,0,0,0,0,5,684,615,-487,0,T,-519.3609068
767,27,female,3,0,1,48,1,1,2,2,1,0,1,0,1,1,0,0,1,6,3609,2165,473,1,T,-1415.264239
492,31,female,0,0,1,24,1,2,2,2,1,1,4,0,0,0,1,0,0,6,3161,3161,-2801,0,T,-1571.521082
838,57,female,1,0,1,36,2,2,4,3,1,0,4,0,0,0,1,0,0,1,14318,11454,-5352,0,T,-1241.022451
616,48,male,0,1,2,9,4,4,4,2,2,0,3,1,0,1,0,1,1,0,1288,1159,252,1,T,370.30115
615,39,male,0,0,2,6,4,4,4,2,1,0,1,0,0,1,1,0,0,1,860,688,111,1,T,-257.9746349
843,20,male,3,0,1,9,2,4,4,2,1,0,1,0,0,1,0,0,0,3,1313,787,154,1,T,96.62814507
465,32,male,0,0,2,18,4,1,3,3,1,0,4,0,0,1,1,0,0,4,1880,1316,219,1,T,186.0130634
525,25,male,3,0,1,24,2,1,3,2,1,0,4,0,0,1,1,0,1,6,1258,754,178,1,T,-98.96164257
808,39,female,3,4,1,54,0,2,2,1,2,0,2,0,0,1,0,0,0,2,9436,7548,1677,1,T,-638.8666477
977,63,female,3,0,2,12,4,4,4,1,1,0,2,0,0,1,1,0,1,4,1655,1489,288,1,T,380.7198589
176,23,female,0,0,1,18,2,2,1,1,1,0,1,0,0,1,0,0,0,1,976,683,-300,0,T,-591.562104
345,41,male,3,0,1,12,2,4,4,1,2,0,4,0,1,1,0,0,0,5,719,431,-280,0,T,-90.51733503
791,27,male,1,4,1,36,2,2,2,2,1,0,2,0,0,1,0,0,0,5,3711,2597,521,1,T,-381.3418056
110,54,male,0,0,1,12,4,3,4,2,1,0,4,0,0,1,0,0,1,2,1409,1268,318,1,T,495.9892224
84,44,male,3,2,2,24,3,2,2,2,2,0,4,0,0,1,1,0,0,6,2375,1425,148,1,T,-196.7953992
871,25,male,1,0,1,9,2,4,4,2,1,0,4,0,0,1,0,0,1,4,1206,1085,296,1,T,53.11612737
29,23,male,3,3,2,15,4,4,4,2,1,1,3,0,0,0,1,0,0,2,3368,2694,414,1,T,370.8472316
141,28,female,1,4,2,18,4,4,2,2,1,0,4,0,1,1,0,0,1,6,1887,1698,312,1,T,-128.9621137
252,26,female,2,0,1,15,2,4,3,2,1,1,2,0,0,0,1,0,0,6,2687,2687,791,1,T,-119.7198914
733,34,female,3,3,1,24,2,3,3,2,2,0,4,0,0,1,1,0,0,1,1525,1372,347,1,T,295.0401239
620,28,male,3,0,2,6,4,1,2,2,1,0,1,0,0,1,1,0,0,4,1382,1243,237,1,T,350.1597621
304,57,male,3,4,1,12,4,4,4,1,1,1,4,0,0,0,0,0,0,6,1264,1137,275,1,T,140.6726
545,41,male,3,4,2,9,4,4,4,1,1,1,4,0,0,0,0,0,0,5,1244,995,138,1,T,333.2968604
557,23,female,1,1,2,24,3,2,3,2,1,1,3,0,0,0,1,0,0,4,1553,1242,193,1,T,140.2153036
661,74,male,3,0,1,24,4,2,2,3,1,0,3,0,0,1,1,0,1,6,4526,2263,336,1,T,-225.4961459
287,35,male,0,0,1,24,2,4,1,2,1,0,4,0,0,1,1,0,1,4,2439,2195,-1208,0,T,-210.3925114
614,27,female,3,3,2,27,3,2,2,2,1,0,2,0,0,1,0,0,0,2,8613,7751,1442,1,T,524.2770906
145,30,male,0,0,1,12,2,3,2,2,1,0,2,0,0,1,0,0,0,3,1620,972,200,1,T,-184.8667792
329,63,female,3,4,1,15,4,4,4,2,1,0,4,0,0,1,0,0,0,3,1520,1064,225,1,T,751.0143725
487,25,male,3,0,1,10,2,2,2,1,1,1,2,0,1,0,0,0,1,3,2210,1989,-948,0,T,102.0374009
855,24,male,0,0,1,12,1,4,2,1,1,0,4,0,1,1,0,0,1,4,626,563,-231,0,T,-305.501131
851,28,female,3,0,1,24,2,2,2,2,1,0,4,0,0,1,0,0,0,4,1413,1413,426,1,T,-43.87411135
630,20,male,3,4,1,12,2,4,1,2,1,1,1,0,0,0,0,0,0,2,4675,2805,673,1,T,615.1002978
498,33,male,3,0,1,30,4,2,2,2,1,0,4,0,0,1,1,0,0,4,2831,2264,535,1,T,50.57297746
858,27,female,1,0,2,36,4,4,1,2,1,0,4,0,0,1,0,0,0,1,2820,2256,-1037,0,T,-1085.80539
816,38,male,1,1,2,24,2,3,3,2,1,0,2,0,1,1,1,0,0,1,3512,3160,561,1,T,-339.1172811
619,74,male,1,0,1,9,1,4,4,3,2,0,2,0,1,0,1,0,0,2,5129,3077,-1488,0,T,-651.3659387
576,32,female,0,4,1,24,2,4,3,2,1,1,4,0,0,0,0,0,0,1,1285,1156,-424,0,T,85.19694147
490,29,male,3,4,2,18,4,3,2,2,1,0,4,0,0,1,1,0,0,4,1169,701,70,1,T,654.8921213
736,26,female,3,0,2,36,3,2,2,3,1,0,4,0,0,1,1,0,0,4,4463,3124,-1012,0,T,-130.2025621
103,44,female,0,2,1,6,2,3,2,2,2,1,2,0,0,0,0,0,1,4,2647,2647,770,1,T,348.124027
316,29,female,1,3,1,24,4,4,4,2,1,1,2,0,0,0,0,0,0,2,7758,4654,900,1,T,10.08719923
51,27,male,0,0,1,24,2,1,1,2,1,0,4,0,0,1,0,0,0,1,3123,2498,-1330,0,T,-719.1654937
907,25,male,3,4,1,36,2,4,2,2,1,0,4,0,0,1,0,0,0,4,2394,1436,283,1,T,260.8582479
290,38,male,0,0,2,12,4,4,2,1,1,0,4,0,1,1,0,1,0,1,2171,1519,261,1,T,-345.7463529
650,29,female,1,1,1,36,2,1,1,3,1,1,4,0,0,0,1,0,0,3,9034,7227,-3545,0,T,-878.1179896
998,25,female,1,1,1,15,1,2,2,2,1,1,2,0,0,0,0,0,0,1,1264,884,-286,0,T,-953.9248026
811,30,male,0,4,1,24,2,2,1,2,1,0,1,0,0,1,1,1,0,3,7721,4632,993,1,T,12.87692292
282,24,female,0,0,2,36,4,4,3,2,1,0,4,0,0,1,1,0,0,2,9629,5777,-1853,0,T,-34.82961519
143,30,female,1,4,1,12,2,2,2,2,1,0,4,0,0,1,0,0,0,2,2028,1825,518,1,T,553.0575752
442,35,male,0,4,1,24,2,2,2,2,1,0,4,0,0,1,0,0,0,1,1381,1242,-443,0,T,-52.23769803
285,23,female,3,0,1,18,2,4,1,2,1,0,4,0,0,1,0,0,1,0,1943,1360,-792,0,T,100.0821081
682,62,male,3,2,1,6,2,4,2,2,1,0,1,0,0,1,0,0,1,0,1338,936,181,1,T,742.1455991
48,22,female,1,1,1,24,2,2,1,2,1,1,3,0,0,0,1,0,0,4,3092,1546,-790,0,T,-484.236664
501,35,male,3,4,1,36,2,4,2,1,2,0,2,0,0,0,1,0,0,5,9055,5433,1032,1,T,-212.3104259
716,45,male,0,0,1,12,1,1,4,1,1,0,4,0,1,1,0,0,0,0,339,271,59,1,T,-617.9816322
511,39,male,1,0,2,24,4,3,2,3,2,0,2,0,0,1,1,0,0,0,11938,8356,-3313,0,T,-487.4858004
295,31,female,3,4,1,24,2,2,3,2,1,0,4,0,1,1,1,0,0,3,929,557,123,1,T,725.975463
536,23,male,1,0,1,24,2,2,1,1,1,0,4,0,1,1,0,0,1,1,1246,1121,-569,0,T,-643.8271564
693,21,male,0,0,1,18,4,4,1,2,1,1,4,0,0,0,0,0,0,3,1049,944,286,1,T,-408.5586898
214,27,male,3,0,2,15,2,3,1,1,1,0,2,0,1,1,0,0,0,3,2708,1354,151,1,T,-308.9590042
918,65,male,0,0,2,21,4,4,4,2,1,0,4,0,0,1,0,0,1,1,571,456,87,1,T,-378.987951
737,22,male,0,0,1,18,2,4,1,2,1,1,1,0,0,0,0,0,0,3,3650,2920,799,1,T,-630.6091683
339,26,male,2,0,1,12,2,1,1,2,1,0,4,0,0,1,0,0,1,1,1330,798,181,1,T,188.5435121
346,35,male,3,0,1,24,2,4,4,3,1,0,4,0,0,1,1,0,0,2,2670,1869,424,1,T,78.26170748
675,23,male,0,0,1,15,2,4,0,2,1,1,1,0,0,0,0,0,0,1,2511,1757,350,1,T,-715.7864456
43,20,male,3,3,1,15,2,3,3,2,1,1,2,0,0,0,0,0,0,1,3186,3186,862,1,T,275.2948661
1,67,female,0,4,2,6,4,4,4,2,1,0,4,0,0,1,1,0,1,4,1169,1052,243,1,T,810.737486
910,36,female,1,4,2,20,3,4,3,3,2,1,3,0,1,0,1,0,0,2,7057,5645,807,1,T,689.2326904
590,31,female,3,4,1,36,3,2,3,3,2,0,3,0,1,1,1,0,0,2,8947,6262,1377,1,T,1151.115823
959,60,female,0,0,2,12,4,3,4,2,1,0,3,0,0,1,0,0,0,3,2246,1572,-654,0,T,-213.4747466
796,37,female,1,0,3,9,4,4,4,1,1,0,2,0,0,1,0,0,1,4,1154,692,41,1,T,-146.4869424
628,26,male,3,0,2,18,4,2,2,2,1,0,2,0,0,1,0,0,0,4,2404,1923,380,1,T,94.9529827
233,34,male,0,0,1,24,2,1,3,3,1,0,2,0,0,0,1,0,0,2,2910,1455,306,1,T,-1.996882479
293,22,male,0,0,1,9,2,4,1,2,1,1,3,0,0,0,0,0,0,4,1366,1092,-502,0,T,-300.5295376
573,41,male,3,3,2,6,4,2,2,1,1,0,2,0,1,1,0,0,1,1,250,150,22,1,T,538.4841737
369,47,male,3,0,3,24,4,3,1,2,1,0,3,0,0,0,1,0,0,4,5103,4592,439,1,T,-561.6161806
451,24,male,0,0,1,24,2,4,1,2,1,1,4,0,0,0,0,0,0,1,1207,844,-375,0,T,-930.315836
86,33,female,0,0,2,20,4,2,2,2,1,1,4,1,1,0,0,1,0,1,2235,1341,-603,0,T,-727.0345482
483,35,female,3,0,2,18,4,2,1,3,1,0,3,0,0,1,1,0,0,3,3780,1890,231,1,T,-150.7102205
327,57,male,3,0,3,12,4,4,4,1,1,0,2,0,1,0,0,0,0,5,2748,1648,115,1,T,-501.2707472
622,31,male,0,0,1,18,0,1,3,2,1,0,3,0,1,1,1,0,0,6,3104,2483,724,1,T,-1105.760529
355,34,female,2,0,1,18,2,1,2,1,2,0,2,0,0,1,0,0,1,3,2864,1718,-559,0,T,340.0320574
819,20,male,0,1,1,12,2,1,3,2,1,0,4,0,0,1,0,0,0,4,674,606,-211,0,T,560.3509175
812,23,male,0,2,2,33,4,4,2,2,1,0,1,0,0,1,0,0,0,3,4281,2996,-1312,0,T,-340.3868842
49,23,male,1,0,1,12,4,1,2,1,1,0,1,0,0,1,0,0,1,4,3573,2501,590,1,T,251.1965827
361,28,female,3,0,1,36,2,2,2,3,1,0,4,0,0,1,1,0,0,3,3349,2344,-1215,0,T,-437.7554369
885,59,male,0,0,1,9,2,4,3,2,1,0,3,0,0,1,0,0,1,4,1364,1091,276,1,T,564.1896018
242,42,male,3,0,2,12,4,2,0,3,1,0,4,0,1,1,1,0,0,6,2292,2292,-1437,0,T,-462.97565
440,31,male,3,0,1,9,4,3,0,3,1,0,2,0,0,1,0,0,0,3,2406,1924,437,1,T,274.6459441
758,33,female,3,4,2,24,4,2,2,2,1,0,3,0,0,1,1,0,0,5,1927,1156,193,1,T,265.2704002
817,25,female,3,0,1,24,2,4,3,2,1,1,2,0,0,0,1,0,0,3,3972,2383,396,1,T,-45.11401802
818,31,male,3,0,2,12,2,2,3,3,2,1,4,0,0,0,1,0,0,4,1963,1177,172,1,T,137.9405334
247,34,female,1,0,1,12,2,1,1,3,1,1,3,0,0,0,0,0,1,3,3017,2715,656,1,T,-427.6674414
751,34,male,1,1,1,15,1,2,0,3,2,0,1,0,0,1,1,0,0,1,6850,3425,-1718,0,T,-826.6388114
219,40,male,0,4,2,21,1,2,2,1,2,0,4,0,0,1,0,0,0,1,1647,1152,-610,0,T,-656.5668334
135,26,male,0,0,1,21,2,4,3,1,1,1,1,0,0,0,0,0,0,3,3599,2159,426,1,T,-238.8372243
961,45,male,3,4,1,15,2,4,4,2,2,0,4,0,1,0,0,0,0,2,1300,780,130,1,T,618.4555883
958,27,male,3,0,2,24,2,3,1,1,1,0,4,0,0,1,0,0,0,0,937,655,103,1,T,-436.3432139
377,30,female,3,4,1,21,4,4,4,3,1,0,4,0,0,0,1,0,0,1,12680,6340,-2703,0,T,240.1573624
408,40,female,0,4,1,36,2,4,4,3,1,0,4,0,0,1,1,0,0,5,1977,1383,-961,0,T,-298.5166564
884,63,male,0,0,2,24,4,4,4,2,1,0,4,0,0,1,1,0,0,2,2957,1774,277,1,T,-168.0394893
565,27,male,3,4,2,36,3,4,1,2,1,1,4,0,0,0,1,0,0,6,7980,5586,-3503,0,T,-490.0700941
467,50,female,2,0,1,6,4,4,2,1,1,0,2,0,0,1,0,0,0,5,1047,523,73,1,T,495.9503719
356,27,female,1,1,1,12,4,1,1,2,1,0,4,0,0,1,0,0,0,1,1995,1795,579,1,T,-106.6068879
130,28,male,1,0,1,36,2,4,1,3,1,1,1,0,0,0,1,0,0,2,9398,6578,-2415,0,T,-835.4341216
891,46,female,3,0,2,15,3,2,1,1,1,0,1,0,0,1,0,0,0,2,3594,3594,824,1,T,371.3881354
65,27,male,0,0,1,18,2,1,0,0,1,0,4,0,0,1,0,0,1,5,750,525,-403,0,T,-321.6831472
842,31,female,3,2,1,21,2,2,3,3,1,0,1,0,1,1,0,0,0,1,2782,1669,366,1,T,337.6027958
359,33,female,1,0,1,36,2,1,1,1,1,1,4,0,0,0,0,0,0,0,2384,1907,-594,0,T,-1072.055284
992,39,male,0,0,1,24,2,2,4,3,1,1,4,0,0,0,1,0,0,3,3345,2676,-971,0,T,-691.0555727
124,51,male,3,2,1,9,2,4,4,1,1,0,2,0,0,0,0,0,0,1,2507,1504,262,1,T,-6.757420659
77,59,female,3,4,1,15,4,4,4,2,1,0,1,0,0,1,1,0,0,1,5045,3027,507,1,T,578.9110945
218,34,male,1,0,1,24,3,2,0,3,1,0,3,0,0,1,1,0,0,3,2064,1651,-882,0,T,-266.8896278
610,61,female,3,4,1,12,4,2,3,2,1,0,4,0,0,1,0,0,0,5,2012,1207,215,1,T,1079.888936
194,22,male,1,0,1,9,2,2,1,2,1,0,4,0,0,1,1,0,0,4,1670,1503,-488,0,T,-212.0360161
19,28,female,3,0,2,36,3,1,1,2,1,0,1,0,0,1,0,0,0,6,9572,6700,-4386,0,T,-838.8588903
273,24,female,0,0,1,12,2,2,2,1,1,0,4,0,0,1,0,0,1,1,1228,736,-376,0,T,-158.9748991
418,26,male,0,0,2,21,3,1,1,2,1,0,2,0,0,1,0,0,0,5,3414,2048,-1278,0,T,-437.7259774
543,21,male,1,0,1,18,2,3,2,2,1,1,1,0,0,0,1,0,0,2,2779,1667,394,1,T,-345.6352955
419,36,male,1,0,1,18,4,4,4,2,2,0,4,0,1,1,1,0,0,1,884,442,-134,0,T,-425.011461
686,40,male,3,4,1,10,2,3,3,2,1,0,4,0,0,1,1,0,0,0,894,715,162,1,T,1087.73758
403,26,female,3,4,2,10,4,1,2,2,1,0,2,0,0,1,0,1,0,3,2069,1862,428,1,T,686.3554281
749,62,female,3,0,1,24,2,4,4,2,1,0,4,0,0,0,1,0,0,1,3757,2629,697,1,T,-605.6339495
587,20,female,3,2,1,15,2,4,2,2,1,1,2,0,0,0,0,0,0,3,2221,1554,400,1,T,77.57413931
16,42,male,3,1,1,6,2,4,4,2,2,0,2,0,1,0,1,0,0,4,1346,1076,295,1,T,345.9122125
951,45,female,3,1,1,39,2,2,4,3,1,0,4,0,0,1,1,0,0,2,8588,5152,948,1,T,17.21140196
777,31,male,3,4,1,10,2,4,1,2,1,1,1,0,0,0,0,0,1,2,2901,1740,373,1,T,855.6299192
604,31,male,3,0,1,48,4,3,2,2,1,0,1,0,1,0,1,0,0,5,6110,4888,1392,1,T,-805.4058654
634,23,female,1,0,1,13,2,4,1,1,1,0,2,1,0,1,0,0,0,4,2101,2101,688,1,T,-297.1049426
664,28,female,3,2,1,24,2,1,3,2,1,0,4,0,0,1,0,0,0,4,1376,963,239,1,T,584.5789251
138,33,male,3,0,2,18,4,4,4,2,1,0,3,0,0,1,1,0,0,4,6070,4249,758,1,T,55.12131103
719,68,male,1,0,3,16,4,3,0,0,1,0,2,0,0,0,1,0,0,1,1175,705,34,1,T,-1059.313568
500,50,female,3,4,1,12,2,3,4,2,1,0,4,0,0,1,1,0,0,1,2390,2151,652,1,T,420.6623108
761,50,female,1,1,1,36,2,4,2,2,1,0,4,0,0,0,0,0,0,4,2671,2136,-927,0,T,-632.4547864
939,27,male,3,0,2,9,2,2,3,2,1,0,3,0,0,1,0,0,0,6,1449,1159,200,1,T,-188.7751006
229,49,female,2,4,1,18,1,4,3,1,1,0,4,0,1,1,0,0,0,4,1445,1011,235,1,T,731.9315098
423,30,male,3,0,1,15,2,2,2,2,1,0,3,0,0,1,1,0,0,2,4657,4191,1287,1,T,309.4984637
421,38,male,3,0,2,12,4,1,4,1,2,0,4,0,0,1,0,0,1,1,1495,1196,181,1,T,69.9420347
140,19,female,1,3,1,12,2,4,1,1,1,1,1,0,0,0,0,0,1,3,983,589,141,1,T,-126.5603638
126,46,male,2,0,1,12,2,2,2,1,1,0,1,0,0,1,0,0,0,3,2251,1575,349,1,T,269.640289
938,52,female,3,1,2,6,4,4,2,1,1,0,4,0,0,1,0,0,0,1,362,253,41,1,T,297.3401067
508,66,female,0,0,2,12,4,4,4,3,1,0,4,0,0,0,0,0,0,2,1526,1526,318,1,T,-123.9830522
854,42,male,0,0,1,48,2,4,4,3,1,0,4,0,1,0,0,0,0,1,7763,5434,-2226,0,T,-1373.57241
968,26,male,3,0,1,18,2,1,1,2,1,0,3,0,0,1,0,0,1,4,1453,1162,293,1,T,174.7357794
271,47,male,2,1,1,24,2,2,4,2,1,0,4,0,0,0,1,0,0,4,1377,688,143,1,T,160.0842104
821,21,male,0,0,1,24,2,2,2,1,1,0,2,0,1,1,0,0,0,6,6568,5911,1750,1,T,-903.0666837
577,40,male,1,0,2,12,2,3,4,1,1,0,3,1,1,1,0,0,1,4,1155,1039,187,1,T,-221.5123416
512,47,female,3,4,1,48,4,1,4,2,1,0,4,0,0,1,1,0,1,4,3578,2862,720,1,T,385.8654334
849,35,female,3,1,1,10,2,2,2,1,1,1,3,0,0,0,0,1,1,1,1418,992,206,1,T,187.8922917
504,25,male,1,0,2,45,4,2,1,1,1,0,4,0,0,1,0,0,0,4,4746,3322,-1100,0,T,-966.43265
457,37,male,1,4,2,24,3,2,2,3,1,0,4,0,1,1,1,0,0,6,4712,3298,437,1,T,-296.9060372
358,22,male,0,0,1,15,2,4,2,1,1,0,4,0,0,1,0,0,0,6,806,725,226,1,T,-711.6615991
724,61,male,1,1,2,21,2,2,4,1,1,1,4,0,1,0,0,0,0,6,2767,2490,-2105,0,T,-1165.772429
127,55,female,0,0,1,24,2,4,4,2,1,0,4,0,0,1,0,0,0,4,1603,961,195,1,T,-341.2306842
645,34,male,0,0,1,36,2,4,1,2,1,0,4,0,0,1,1,0,0,1,1842,1289,-599,0,T,-974.3722731
41,39,female,3,0,1,18,2,4,1,2,1,0,3,0,0,1,1,0,1,4,1473,1473,430,1,T,174.7357794
548,26,male,0,0,1,18,0,4,1,2,1,1,1,0,0,0,0,0,0,3,3114,2802,-1133,0,T,-1309.491385
305,24,male,0,1,2,30,4,4,3,2,1,1,1,0,0,0,0,0,0,2,6187,4949,997,1,T,139.5816009
413,27,male,1,4,1,18,2,3,1,2,1,1,4,0,0,0,0,0,1,3,1924,1924,-843,0,T,4.668307545
955,35,male,3,4,2,48,4,1,3,2,1,0,2,0,0,0,1,0,0,2,8858,7086,1010,1,T,316.2773028
880,54,male,3,4,2,24,3,4,4,2,1,0,4,0,0,1,1,0,0,1,717,501,83,1,T,334.3338601
309,58,male,0,0,1,24,2,4,4,1,1,0,4,1,0,1,1,0,1,0,1755,1053,211,1,T,-217.8891974
773,25,male,0,0,2,18,2,4,2,2,1,1,4,0,1,0,0,0,0,4,1882,1317,-576,0,T,-595.7727393
441,43,female,1,4,1,18,3,4,4,2,2,0,4,0,0,1,0,0,0,1,2899,2609,826,1,T,292.582302
117,30,female,3,0,2,18,4,1,1,2,1,0,4,0,0,1,0,0,0,1,1055,844,164,1,T,-322.8134985
764,21,female,3,0,2,60,3,4,3,2,1,0,2,0,0,1,1,0,0,4,15653,7826,937,1,T,-292.031139
470,28,male,3,0,1,24,2,2,3,2,1,0,4,0,0,1,1,0,0,4,2284,1827,525,1,T,304.7108705
900,23,male,0,0,1,45,2,4,2,2,1,0,4,0,0,0,1,0,0,4,1845,1476,-884,0,T,-959.1612188
562,48,male,1,4,1,48,0,2,2,3,1,0,2,0,1,1,1,0,0,6,12204,12204,3488,1,T,-1655.080142
336,28,female,0,0,2,12,0,2,2,2,1,1,4,0,0,0,1,0,0,4,6199,3719,-1466,0,T,-1147.051567
349,30,female,3,3,2,15,3,2,3,2,1,0,3,0,0,1,0,0,0,3,960,960,195,1,T,827.4268152
72,32,male,3,2,2,18,4,3,4,3,1,0,4,0,1,1,1,0,0,4,629,440,56,1,T,334.9893656
857,41,male,1,4,2,48,2,1,3,2,2,0,4,0,0,1,1,0,0,4,3979,2785,481,1,T,-236.7720459
474,37,male,3,0,1,4,4,1,3,2,2,0,1,0,0,1,0,0,1,1,3380,2704,589,1,T,839.3233153
168,31,female,3,1,2,36,2,2,3,2,1,0,2,0,0,1,1,0,0,6,5742,5742,1198,1,T,-505.0321855
872,31,male,2,4,2,24,4,2,2,2,1,0,3,0,0,1,1,0,0,4,3148,1574,135,1,T,724.2708987
788,28,male,3,0,1,36,2,2,4,2,1,0,4,0,0,1,0,0,0,4,3595,2876,790,1,T,-338.9125624
455,61,female,3,0,2,12,4,4,4,1,1,0,4,0,0,1,0,0,1,1,1255,627,87,1,T,69.9420347
783,36,female,3,0,2,18,0,2,2,2,2,0,2,0,1,1,0,0,0,6,4165,3748,-3135,0,T,-1407.647384
822,24,female,0,0,1,24,2,2,2,1,1,1,2,0,0,0,0,0,1,3,3021,2114,402,1,T,-453.2287429
625,52,male,3,0,3,12,4,4,4,2,1,0,4,0,0,1,0,0,1,4,717,573,79,1,T,169.8930847
234,24,male,1,1,1,60,2,2,1,3,1,0,4,0,0,1,0,0,0,1,7408,5926,-3545,0,T,-1349.484484
484,25,male,2,0,1,15,2,3,1,1,1,0,2,0,0,1,0,0,1,4,2327,2327,-772,0,T,435.5196414
952,36,female,3,4,2,6,4,4,4,2,1,0,4,0,0,0,0,0,0,4,700,350,29,1,T,659.1168867
73,34,male,2,0,2,9,0,2,1,3,1,0,4,0,0,1,1,0,0,4,1337,1203,-479,0,T,-524.5811181
539,25,female,3,0,2,18,4,1,2,2,1,0,2,0,0,1,0,0,0,4,2238,1342,149,1,T,94.9529827
553,30,male,1,0,2,26,2,3,1,2,1,0,2,0,0,1,0,0,0,2,7966,4779,456,1,T,-622.4382373
15,27,female,2,3,1,6,2,2,1,0,1,0,2,0,0,1,0,1,1,1,709,496,93,1,T,617.2539793
762,37,male,0,0,3,6,4,3,2,2,2,1,1,0,0,0,0,0,1,1,3676,2940,308,1,T,-442.1249216
294,30,male,3,0,2,9,4,1,2,2,1,0,3,0,0,1,0,0,1,1,1224,1101,221,1,T,173.5754012
62,22,male,0,1,1,12,2,3,0,2,1,0,4,0,0,1,0,0,0,0,741,518,-192,0,T,53.24791314
941,28,female,2,2,3,12,4,2,3,2,1,0,4,0,0,1,1,0,1,1,939,751,-250,0,T,724.3821358
644,23,female,3,2,1,6,2,4,3,1,1,1,2,0,0,0,0,0,1,0,660,660,200,1,T,879.5802386
35,24,male,1,0,2,24,4,4,1,2,1,0,2,0,0,0,1,0,0,5,5743,4020,674,1,T,-992.9894598
381,35,male,3,4,2,12,4,4,4,2,1,0,4,0,0,1,0,0,0,4,976,488,52,1,T,742.6638393
814,35,female,1,4,3,15,4,2,3,2,1,0,4,1,1,1,1,0,1,4,2728,2728,362,1,T,674.26546
820,36,female,1,4,1,24,2,4,4,2,1,0,4,0,1,0,1,0,0,2,2760,1656,394,1,T,46.86878175
697,23,male,1,2,2,27,4,2,2,1,1,0,4,0,0,1,0,0,0,4,2520,2016,-647,0,T,-196.7657692
846,27,male,0,0,1,6,2,1,1,2,1,0,4,0,0,1,0,0,1,0,343,308,98,1,T,97.76398635
665,32,male,0,0,2,30,0,2,2,2,1,0,2,1,0,1,0,0,1,3,4583,3208,534,1,T,-1259.390781
31,54,female,3,0,1,6,2,4,0,0,1,0,1,0,0,1,1,0,1,1,672,470,116,1,T,142.2890406
549,47,female,1,0,1,6,3,4,0,3,1,0,4,0,0,1,1,0,0,1,1209,967,-475,0,T,-56.18273669
28,32,female,3,4,1,18,2,3,3,2,1,0,4,0,0,1,0,1,0,1,2662,1863,485,1,T,681.4755747
735,23,female,1,2,1,24,2,4,0,0,1,1,1,0,0,0,0,0,0,4,3758,2254,384,1,T,-439.2024722
148,23,female,0,0,1,6,2,4,1,2,1,0,4,0,0,1,0,0,0,5,448,268,-220,0,T,-287.5958318
772,32,male,3,0,1,18,2,2,2,3,1,0,4,0,0,0,1,0,0,4,1505,1354,419,1,T,-127.421064
572,63,male,3,4,2,30,4,4,4,2,1,0,1,0,0,1,0,0,0,2,7596,4557,658,1,T,521.8211607
284,29,male,0,0,2,45,0,4,4,2,1,1,2,0,0,0,0,0,0,6,11816,7089,-4581,0,T,-2490.369553
334,24,female,3,1,2,48,4,4,2,1,1,1,2,0,1,0,0,0,0,2,11590,11590,-4476,0,T,-334.2886489
980,35,female,1,4,1,9,2,2,1,0,1,0,4,0,0,1,0,0,1,1,1549,929,192,1,T,235.1204565
268,42,male,3,0,1,60,2,4,4,3,1,0,2,0,0,1,1,0,0,1,10366,7256,1522,1,T,-1160.103945
93,28,male,3,0,2,18,4,2,2,2,1,0,4,0,0,1,0,0,0,3,1817,1453,207,1,T,-43.72156346
756,29,male,3,4,2,21,0,4,2,2,1,0,1,0,1,1,1,0,0,1,5003,3502,-1636,0,T,-620.6200931
300,23,male,0,4,2,18,2,4,3,1,1,1,2,0,0,0,0,0,0,4,1936,1936,504,1,T,312.7513812
834,28,female,0,0,1,24,2,4,2,2,1,0,4,0,0,1,0,0,0,3,4169,2501,599,1,T,-440.0735587
976,35,female,0,0,2,12,4,3,4,2,1,0,4,0,0,1,0,0,0,1,691,414,-225,0,T,-385.5780246
241,27,male,3,0,2,24,3,2,1,2,1,0,2,0,1,1,1,0,0,6,8648,6918,-4433,0,T,-583.6521109
33,28,male,1,0,2,30,4,2,0,3,1,0,4,0,0,1,0,0,0,1,4249,2549,-1157,0,T,-935.077694
883,47,male,0,4,1,36,2,4,4,2,1,0,3,0,0,0,0,0,0,2,8335,5001,-2571,0,T,-85.6811768
437,25,male,0,0,1,18,2,1,0,0,1,0,4,0,0,1,0,0,0,3,2473,1978,-1048,0,T,-396.3345201
792,68,male,0,0,1,6,2,4,4,3,1,0,1,0,1,1,1,0,0,1,14896,13406,-7231,0,T,-269.1983392
848,39,female,1,1,1,12,2,4,3,1,1,0,3,0,0,1,0,0,1,6,1037,622,116,1,T,34.0215836
217,36,female,3,2,2,15,2,3,3,2,1,0,4,0,0,1,1,0,0,0,1262,757,72,1,T,490.5035641
108,46,male,3,4,2,7,4,2,4,1,1,1,4,0,0,0,1,0,0,4,730,511,85,1,T,637.8496551
781,65,female,3,4,4,12,4,4,4,2,1,0,4,0,0,1,0,0,1,4,930,837,49,1,T,519.0054491
993,43,male,0,0,2,12,3,2,2,1,2,0,4,0,0,1,0,0,1,1,1344,940,158,1,T,9.903429582
209,24,male,3,1,1,18,2,4,2,1,1,1,3,0,0,0,0,0,0,6,1568,1254,363,1,T,-471.1305664
338,63,male,3,4,1,60,4,4,4,3,1,0,2,0,1,0,1,0,0,1,13756,8253,1802,1,T,-589.2646706
609,27,male,1,0,2,18,4,1,1,2,1,0,4,0,0,1,0,0,0,3,1295,777,82,1,T,-530.8919425
584,48,male,0,0,2,12,0,4,2,2,1,0,4,0,1,1,0,0,0,1,1082,757,-337,0,T,-1246.679048
824,35,male,3,0,2,12,4,2,2,2,1,0,4,0,0,1,0,0,0,4,1291,903,173,1,T,222.5563724
568,26,male,3,0,1,30,4,4,3,3,1,1,4,0,0,0,1,0,0,4,4530,2718,593,1,T,188.007617
434,23,female,0,0,2,24,0,4,4,2,2,1,3,0,1,0,0,0,0,3,4110,3699,-2183,0,T,-1580.764564
201,49,male,3,0,1,12,4,3,3,1,2,0,2,0,0,1,0,0,1,5,2096,1467,383,1,T,717.9449551
354,26,female,3,1,1,24,2,3,3,2,1,0,4,0,0,1,1,0,0,4,1311,1048,306,1,T,562.6690392
357,37,male,1,4,1,36,2,4,2,2,1,0,1,0,0,0,1,0,0,1,12389,8672,-3366,0,T,-641.2516407
755,32,female,3,0,1,24,2,1,3,2,2,0,3,0,1,1,0,0,0,4,1552,931,158,1,T,304.7108705
973,36,female,2,3,2,24,4,4,2,2,1,0,2,0,0,1,1,0,1,6,1275,892,116,1,T,61.76632459
514,38,female,3,4,2,12,4,2,4,2,1,0,4,0,0,1,1,0,1,4,1240,868,130,1,T,940.6589975
116,38,female,3,0,1,10,2,4,2,2,1,0,1,0,0,1,1,1,0,4,1924,1539,381,1,T,253.8671313
643,29,male,3,0,2,28,4,2,4,2,1,0,4,0,0,1,0,0,0,4,2743,2194,392,1,T,-157.5510052
962,49,male,3,0,1,12,2,2,2,1,1,0,4,0,0,1,0,0,1,1,640,320,44,1,T,98.55000203
853,31,female,0,0,1,36,2,4,2,2,1,1,4,0,0,0,0,0,0,4,2302,1841,-888,0,T,-767.7561343
701,35,female,1,0,1,36,2,2,2,3,1,1,2,0,0,0,1,0,0,2,6948,4863,1231,1,T,-728.4454646
668,33,male,3,0,1,24,4,4,4,2,1,0,4,0,0,1,1,0,0,3,5150,3605,876,1,T,-0.329850677
439,26,male,3,1,2,30,3,2,2,1,1,0,2,0,0,1,0,0,0,6,4272,2563,249,1,T,-346.3086748
197,47,male,1,0,2,21,3,4,2,2,1,0,1,0,0,1,0,0,0,1,2353,2117,405,1,T,-502.153634
220,36,male,1,0,1,27,2,2,2,2,2,0,4,0,0,1,1,0,0,6,3915,1957,-1448,0,T,-1089.525199
462,22,female,3,0,1,18,3,1,3,2,1,0,4,0,0,1,0,0,1,3,1808,1265,-751,0,T,871.339975
994,46,female,3,4,2,24,4,4,2,3,2,0,2,0,0,1,1,0,0,2,6842,5473,894,1,T,689.2562221
235,25,female,1,2,1,18,2,3,1,2,1,1,1,0,0,0,0,0,1,4,3213,1927,434,1,T,-136.7282303
513,30,male,0,0,2,12,4,2,2,2,1,0,4,0,0,1,0,0,0,1,2121,1908,349,1,T,-345.7463529
752,23,male,3,0,2,36,4,4,1,2,1,1,2,0,0,0,1,0,0,3,7127,4988,-1596,0,T,-744.670732
173,24,male,1,3,1,6,1,2,1,2,2,1,4,0,1,0,0,0,0,5,433,389,-328,0,T,-777.5999735
83,27,male,3,0,2,12,2,2,2,2,1,0,3,0,0,1,1,0,1,1,1101,990,198,1,T,-112.2767721
673,47,female,3,2,2,15,4,2,2,1,1,0,2,0,0,1,0,0,0,4,1316,921,135,1,T,438.6227322
407,26,male,3,0,1,24,2,4,1,2,1,0,4,0,0,1,1,0,0,4,3181,2544,598,1,T,-150.8627684
324,25,male,1,0,1,18,2,2,2,1,1,0,4,1,0,1,0,0,1,4,866,779,199,1,T,-98.45728551
185,28,male,3,0,2,21,3,2,2,1,1,0,3,0,1,1,0,0,1,2,2993,2095,359,1,T,548.7685608
922,64,female,3,0,1,10,2,4,2,2,1,0,2,0,0,1,1,0,0,1,1364,1364,373,1,T,-56.91069287
180,41,female,3,4,1,24,2,4,4,3,2,0,3,0,0,1,1,0,0,2,6313,6313,2196,1,T,638.2008461
464,25,male,1,0,1,24,2,4,1,1,1,0,3,0,0,1,1,0,0,1,1355,948,-325,0,T,-841.8223145
493,55,male,0,0,1,24,1,1,1,2,1,0,2,0,1,1,1,0,0,3,6872,6184,-2721,0,T,-1004.366272
444,25,male,0,0,1,9,2,2,2,2,1,0,3,0,0,1,0,0,1,3,2136,1708,481,1,T,76.93007374
167,23,male,0,4,1,12,2,2,2,2,1,0,4,0,0,1,0,0,0,1,900,900,-491,0,T,202.9690814
982,26,male,0,0,1,18,2,3,2,2,1,0,4,0,1,1,0,0,1,4,1345,807,-352,0,T,24.19953535
995,31,female,3,1,2,24,2,4,4,2,1,0,2,0,0,1,0,0,0,4,3621,3258,-1327,0,T,-36.57438845
291,42,female,3,4,2,36,4,4,4,2,1,0,2,0,0,0,0,0,0,2,10477,5238,604,1,T,183.0674287
653,31,male,3,1,1,15,4,3,2,2,1,0,4,0,0,1,0,0,0,5,1532,766,126,1,T,365.5212891
833,31,male,2,0,1,36,2,2,4,2,1,0,4,0,0,1,0,0,0,4,4473,4473,1355,1,T,-141.9303954
867,43,male,0,0,2,12,4,4,4,2,1,1,3,0,0,0,1,0,0,1,4843,4358,-1482,0,T,-596.7283669
839,27,female,1,2,1,15,4,4,2,2,1,0,2,0,1,1,0,0,0,6,2326,1860,519,1,T,-332.3998868
862,21,female,1,1,1,30,2,4,2,2,1,1,2,0,0,0,0,0,0,3,3441,2752,-1151,0,T,-643.5259428
657,36,male,0,0,1,12,2,3,3,2,1,0,2,0,0,1,0,0,0,1,1372,1234,-428,0,T,-8.385075382
56,23,male,3,4,2,12,4,4,3,2,1,0,4,0,0,1,0,0,1,0,996,498,68,1,T,1254.42198
25,29,male,0,4,1,24,2,2,4,2,1,0,4,0,1,1,0,0,0,1,915,915,-337,0,T,-92.0693697
81,54,male,3,0,2,24,4,4,4,2,2,0,4,0,0,0,0,0,0,5,1597,1597,401,1,T,-545.6507525
472,27,male,1,0,1,60,2,2,3,3,1,0,4,0,0,1,1,0,0,1,14027,7013,-2463,0,T,-1151.869014
898,47,male,3,0,2,24,3,4,4,1,2,0,4,0,0,1,0,0,0,1,2538,2284,-904,0,T,-225.6052785
985,57,male,0,0,1,12,2,4,4,1,1,0,4,0,1,1,0,0,1,4,709,425,-142,0,T,111.9712534
647,29,male,0,0,1,24,3,2,1,1,1,1,4,0,0,0,1,0,0,4,1659,1493,-819,0,T,-239.832909
480,32,female,3,2,1,24,2,3,4,2,1,1,4,0,0,0,1,0,0,3,3062,1531,317,1,T,-153.6626169
928,29,male,3,1,1,24,2,4,2,3,1,1,4,0,0,0,1,0,0,4,1901,1330,310,1,T,2.933715037
3,48,male,3,0,3,9,4,4,2,2,1,0,4,0,0,1,1,0,0,1,2134,1920,268,1,T,-235.2465311
179,60,female,3,3,1,24,4,4,4,2,1,0,4,0,0,1,1,0,1,1,1940,1746,466,1,T,326.669107
161,30,male,1,0,1,9,2,1,2,2,1,0,4,0,0,1,0,0,0,3,918,734,-284,0,T,-243.7219052
384,42,female,1,4,1,24,2,4,4,2,1,0,2,0,0,1,1,0,0,4,5084,3558,936,1,T,96.0516336
436,46,male,3,2,1,10,2,4,4,2,1,0,4,0,0,0,1,0,0,5,727,508,136,1,T,20.73484047
720,27,female,1,1,4,12,2,4,1,2,1,1,4,0,1,0,0,0,0,3,951,570,-263,0,T,-1000.184753
260,36,male,3,3,1,21,2,4,4,1,1,0,4,0,1,1,0,0,1,6,1572,1100,265,1,T,-122.4695237
60,58,female,0,0,4,12,4,3,3,1,1,0,4,0,0,1,1,0,1,4,385,308,19,1,T,89.95806292
448,33,male,1,0,1,18,4,2,2,2,1,0,4,0,0,1,0,0,0,4,1245,996,-453,0,T,-74.40196512
488,29,female,0,0,1,12,2,2,2,1,2,0,2,0,0,1,0,0,0,3,3590,3231,881,1,T,-184.8667792
181,48,male,1,0,2,18,4,4,4,1,1,1,3,1,1,0,1,0,1,4,1795,1615,282,1,T,-338.2155952
510,58,female,1,0,1,54,0,4,1,2,1,1,3,0,0,0,1,0,0,6,15945,7972,-6114,0,T,-2660.761669
133,32,male,0,0,1,24,2,3,1,2,1,0,4,0,0,1,0,0,0,4,1938,1550,-696,0,T,-408.3876695
618,42,male,0,0,1,12,2,1,2,2,1,0,2,0,0,1,0,0,0,3,2577,2061,502,1,T,-184.8667792
428,34,female,0,0,1,30,2,1,1,1,1,0,1,0,0,1,1,0,0,0,11998,10798,-4141,0,T,-610.6447306
547,63,male,0,0,1,24,2,4,2,2,2,0,3,1,1,1,1,0,0,2,2924,2046,488,1,T,-139.431522
827,45,male,0,0,1,14,2,4,4,3,1,0,1,0,0,1,1,1,0,1,8978,7182,-3830,0,T,-439.3361921
279,31,male,1,0,1,12,0,2,2,1,1,0,2,0,0,1,1,0,1,0,1410,846,161,1,T,-724.3897841
658,27,female,1,0,1,12,2,1,3,2,1,0,2,0,0,1,0,0,1,4,2930,2051,492,1,T,377.7310861
948,44,male,0,0,2,15,4,4,4,2,2,0,4,0,0,1,1,0,0,3,1478,886,137,1,T,-277.2764414
611,39,male,3,0,2,18,1,4,4,3,2,0,2,0,1,1,1,0,0,1,6458,6458,-2804,0,T,-935.0110477
721,26,female,1,0,1,12,4,3,3,2,1,0,4,0,0,1,0,0,0,0,1424,1424,390,1,T,327.1327351
150,42,male,1,0,2,27,0,4,4,3,1,0,2,0,0,0,1,0,0,6,8318,7486,-5624,0,T,-2230.216204
932,27,female,0,0,2,15,3,4,4,1,1,0,1,0,0,1,0,0,0,3,3643,3643,855,1,T,-119.6218171
169,37,male,3,4,1,12,2,4,2,2,1,0,4,0,0,0,1,0,0,4,2279,1595,426,1,T,560.1214643
598,57,female,2,2,1,24,2,3,2,1,1,0,3,0,0,1,0,0,0,4,1258,1006,250,1,T,432.9761103
823,22,female,3,0,1,9,2,2,3,2,1,0,4,0,0,1,0,0,0,4,1478,1034,-372,0,T,623.7193448
702,25,male,0,4,3,30,0,3,1,2,1,0,2,0,1,1,0,0,0,6,8072,5650,351,1,T,-1678.255357
530,26,female,1,0,1,48,2,2,1,2,1,0,1,0,0,1,1,0,0,3,9960,7968,-2393,0,T,-1180.132595
956,31,female,1,0,2,18,4,2,1,1,1,0,2,0,0,1,0,0,1,3,1928,1735,-849,0,T,-332.8967844
789,23,male,1,0,1,48,2,2,2,2,1,0,2,0,0,1,1,0,0,6,15672,14104,-12029,0,T,-1536.137063
91,43,male,0,0,1,16,4,4,4,2,1,1,2,1,1,0,1,0,0,1,2625,2625,-1254,0,T,-470.9705192
164,44,female,0,0,1,18,1,3,2,2,1,0,4,0,1,1,0,0,0,3,1553,931,-366,0,T,-769.774225
544,25,male,1,4,1,12,2,1,2,2,1,0,2,0,0,1,1,0,1,4,1484,890,-456,0,T,589.0852428
479,60,female,1,4,1,20,2,4,0,3,1,0,1,0,0,1,1,0,1,2,6468,6468,2006,1,T,497.0505292
825,26,female,2,0,1,24,2,2,2,2,1,0,2,0,0,1,0,0,1,3,1925,1732,535,1,T,212.4286677
119,30,male,1,0,2,36,3,2,2,3,1,0,2,0,1,1,1,0,1,6,4455,4455,-2746,0,T,-914.0567971
920,40,male,1,0,1,18,3,3,4,3,1,0,4,0,0,1,1,0,0,3,4297,3437,-1255,0,T,-95.25355862
790,35,female,3,3,1,12,4,2,3,2,1,0,3,0,0,1,0,1,0,3,1592,955,167,1,T,944.4006598
607,29,male,3,0,1,12,2,2,1,2,1,0,2,0,1,1,0,0,0,4,2171,1953,592,1,T,104.344011
731,33,male,0,1,1,12,2,3,1,1,1,0,4,0,0,1,1,0,0,4,727,654,-340,0,T,104.7772786
638,34,female,3,0,2,18,3,3,0,2,1,0,2,0,0,1,0,0,1,4,2320,2088,348,1,T,366.738414
89,38,male,3,0,1,24,2,3,3,3,1,0,3,0,0,1,1,0,0,2,7814,7032,2237,1,T,466.678361
533,39,male,0,0,2,8,4,4,3,1,1,0,1,0,0,1,0,1,1,1,3398,3398,819,1,T,285.9027136
981,26,male,1,0,2,15,0,1,1,0,1,1,2,0,0,0,0,0,1,1,1778,1066,-428,0,T,-1553.281405
690,28,male,0,0,1,21,2,4,1,3,1,1,4,0,0,0,1,0,0,4,2606,2084,507,1,T,-555.736317
648,24,male,3,2,1,39,2,4,2,2,1,0,4,0,0,1,0,0,0,2,2569,2312,557,1,T,78.95295951
71,29,female,3,2,1,12,2,4,2,1,1,1,4,0,0,0,0,0,0,3,1123,1010,-535,0,T,141.3758342
639,21,male,3,4,1,18,2,2,1,2,1,1,4,0,0,0,1,0,1,4,1126,675,120,1,T,523.5245757
315,22,male,0,0,1,18,2,2,2,2,1,0,2,0,0,1,0,0,0,3,2462,1231,-464,0,T,-312.4701689
831,24,female,1,0,1,8,2,4,2,2,1,0,3,0,0,1,0,0,1,3,1237,989,-430,0,T,-24.4595155
414,21,female,3,1,1,60,2,4,3,2,1,0,2,0,0,1,1,0,1,4,10144,8115,2159,1,T,-4.956140866
663,41,male,2,0,1,6,2,2,2,2,1,0,2,0,0,1,1,0,1,3,2116,1692,476,1,T,595.2388368
570,50,male,3,2,1,6,2,4,2,2,1,1,2,0,0,0,0,0,0,2,1236,988,243,1,T,569.6212605
972,31,female,1,1,2,20,0,4,4,2,1,0,3,0,1,1,1,0,0,2,6148,4918,809,1,T,-848.6019104
546,29,female,3,0,1,24,2,1,1,3,1,0,4,0,0,1,1,0,0,2,2679,1339,281,1,T,11.10472211
674,23,male,1,0,2,24,2,4,2,3,1,1,1,0,0,0,0,0,0,2,11560,9248,-4648,0,T,-684.0654594
574,29,male,1,4,1,36,1,2,1,0,1,0,3,0,1,1,0,0,0,0,3990,3990,1326,1,T,-758.2698586
705,23,male,0,2,1,6,2,2,0,0,1,1,1,0,0,0,1,0,0,2,1352,811,141,1,T,228.2320082
670,29,male,1,0,2,12,2,3,3,2,1,0,4,1,0,1,0,1,1,4,1103,882,123,1,T,166.9043119
832,32,male,3,0,2,12,4,2,2,2,1,0,4,0,0,1,0,0,0,5,701,350,49,1,T,-39.46195901
770,38,male,3,0,1,12,4,2,0,0,1,0,1,0,0,1,0,0,0,1,926,740,163,1,T,38.74097125
392,28,male,3,3,1,11,2,2,4,2,1,0,1,0,0,1,1,0,1,6,2142,1499,344,1,T,90.20279251
281,24,female,0,0,2,20,4,4,4,2,1,0,1,0,0,1,0,0,0,3,4272,4272,1000,1,T,-383.6125995
5,30,female,3,2,1,30,2,2,4,3,1,0,4,0,1,1,0,0,0,4,2333,1166,235,1,T,68.55888188
964,26,male,0,0,2,42,3,2,3,2,2,0,3,0,1,1,1,0,0,4,4370,3933,-1461,0,T,-166.7458711
925,22,male,3,0,1,18,2,4,0,2,1,1,3,0,0,0,0,0,1,4,433,346,-116,0,T,-13.29025704
20,54,male,3,3,3,24,2,3,2,3,1,0,2,0,0,1,1,0,0,6,4591,4131,-2912,0,T,-766.0882533
183,24,male,2,0,1,12,2,1,2,2,1,0,3,0,0,1,0,0,0,4,3016,2412,567,1,T,408.3148351
694,28,male,2,0,1,9,2,2,2,1,1,0,3,0,0,1,0,0,1,4,745,447,-200,0,T,670.1116881
79,25,male,1,0,2,39,4,2,3,2,1,0,2,1,0,1,0,0,1,4,4933,3946,-2365,0,T,-185.2604633
687,27,male,0,0,1,18,2,1,1,2,1,0,4,0,1,1,0,0,0,4,2389,2150,676,1,T,-280.7842798
69,56,male,3,0,1,6,2,2,1,2,1,0,1,0,0,1,0,0,0,5,1538,1230,364,1,T,-30.0709307
473,21,female,3,0,1,27,2,3,2,2,1,1,3,0,0,0,0,0,1,1,2570,1799,-1039,0,T,-431.6088146
798,42,female,1,4,2,18,3,2,4,2,1,0,4,0,0,1,0,0,0,6,2427,2184,485,1,T,-209.1343192
296,28,female,1,2,1,24,2,4,1,2,1,1,3,0,0,0,0,0,0,2,4113,2879,-1160,0,T,-300.3592876
909,28,male,0,0,2,12,0,3,3,2,1,0,4,0,0,1,0,0,1,0,1108,1108,-368,0,T,-463.9747555
132,25,female,3,1,1,24,2,1,2,2,1,0,4,0,1,1,0,0,0,3,5511,3306,723,1,T,75.40951123
42,20,male,1,0,1,24,2,4,4,2,1,0,4,0,0,1,1,0,0,4,1967,1376,301,1,T,-463.887505
894,42,male,1,0,1,60,2,4,2,2,1,0,4,0,0,0,0,0,0,5,6288,5659,-3994,0,T,-1662.844845
966,41,male,1,0,1,18,4,1,4,2,1,0,2,0,0,1,1,0,0,3,6361,5088,1098,1,T,-252.908183
887,37,male,3,4,2,36,2,2,4,2,1,0,3,0,0,1,0,0,0,6,7409,4445,671,1,T,-591.4678692
397,35,male,3,2,2,24,2,2,4,2,1,0,3,0,1,1,1,0,0,4,2397,1677,-538,0,T,-14.66450258
264,23,female,1,4,1,15,2,1,1,2,1,0,4,0,0,1,0,0,0,4,1444,1010,194,1,T,220.2997328
177,24,female,0,0,2,18,4,4,2,2,1,1,4,0,0,0,0,0,1,3,2124,1486,-587,0,T,-314.4016488
368,24,male,3,2,1,6,4,2,2,2,1,0,1,0,0,1,0,0,0,1,2080,1872,568,1,T,530.0767667
433,36,female,3,0,2,18,4,3,2,2,1,0,4,0,0,1,0,0,1,1,1028,925,153,1,T,-17.82968333
139,38,male,1,0,1,18,2,4,0,3,1,0,3,0,0,0,1,0,0,2,12976,6488,-3587,0,T,-429.4996466
520,34,male,1,0,2,9,4,3,4,3,1,0,2,0,0,1,1,0,0,5,1501,1200,-764,0,T,-395.6736578
320,29,male,3,0,1,6,2,2,3,2,1,1,2,0,0,0,0,0,1,4,2108,1897,606,1,T,674.3658554
115,30,male,1,0,1,36,2,1,1,3,1,0,4,0,0,1,1,0,0,4,4795,3356,805,1,T,-786.2512698
453,26,female,1,0,1,18,2,4,2,1,2,0,4,1,0,1,0,0,1,4,1113,1113,371,1,T,-98.45728551
450,39,male,0,0,2,12,4,2,2,1,2,1,3,0,0,0,0,1,1,1,2122,1061,133,1,T,-358.9015371
551,27,female,3,4,1,10,2,4,2,1,1,0,4,1,0,1,0,0,0,1,1309,785,-396,0,T,503.0284458
396,26,male,3,0,2,36,2,2,0,3,1,0,4,0,0,1,1,0,0,3,10974,6584,-2944,0,T,-732.4465623
799,64,female,3,1,1,13,2,4,0,2,1,0,2,0,0,1,0,0,1,4,1409,845,197,1,T,562.1544121
813,34,male,1,0,2,12,4,2,0,3,1,0,4,0,0,1,1,0,0,2,1860,1302,211,1,T,-79.52221024
159,49,female,1,0,2,12,4,3,1,1,2,0,1,0,1,1,0,0,1,1,3124,3124,616,1,T,-377.3966727
606,52,female,1,4,1,12,2,1,0,3,1,0,2,0,0,1,1,0,0,4,6468,4527,-2129,0,T,307.2257335
495,46,female,0,0,1,15,2,1,1,2,1,1,4,1,0,0,0,0,0,3,1845,1660,426,1,T,-566.8074735
109,47,male,3,2,1,15,2,3,4,2,1,0,4,0,1,1,1,0,0,4,1213,1091,261,1,T,387.5673561
519,31,male,3,0,2,15,4,2,2,2,1,0,4,0,0,1,0,0,0,4,1360,1088,217,1,T,158.7546776
740,46,male,0,0,2,36,4,2,2,2,1,0,3,0,0,1,1,0,0,3,2348,1408,201,1,T,-684.0566337
393,30,male,1,0,1,12,2,4,3,2,2,1,3,0,0,0,1,0,0,1,2002,1801,465,1,T,-342.1922386
704,37,male,2,0,1,18,2,2,2,2,1,0,4,0,1,1,0,0,1,4,2100,1890,-832,0,T,478.7066036
936,23,female,0,0,1,30,2,4,3,2,1,1,4,0,0,0,0,0,1,3,2406,1924,-1024,0,T,-232.2471507
112,23,male,2,0,1,15,2,4,1,2,1,1,4,0,0,0,1,0,0,5,392,352,91,1,T,-235.6441905
27,27,male,0,0,1,12,2,2,2,2,1,0,2,0,0,1,0,0,1,3,1657,1491,429,1,T,13.12837889
222,50,male,0,0,2,27,0,4,0,2,1,0,2,0,1,1,1,0,0,6,5293,4763,-4064,0,T,-1940.441721
266,45,female,0,0,1,24,2,1,4,2,1,0,4,0,0,1,0,0,1,1,2303,2072,-968,0,T,-454.0133502
158,38,female,3,0,1,30,4,2,3,2,1,0,3,0,0,1,0,0,0,4,5954,4167,835,1,T,399.1579593
765,26,male,3,2,1,12,2,2,2,2,1,0,2,0,0,1,0,0,0,1,1386,1247,-605,0,T,180.4228985
654,75,female,0,4,1,6,2,3,0,3,1,0,4,0,0,1,1,0,0,1,1374,1374,440,1,T,246.7081199
386,32,female,0,0,2,18,1,4,3,1,2,0,4,0,0,0,0,0,0,1,1442,1009,-573,0,T,-1015.269638
175,23,female,1,0,1,10,1,4,2,1,1,0,4,0,1,1,0,0,1,4,1048,838,186,1,T,-385.6234886
712,27,male,0,4,2,10,4,3,1,2,1,1,2,0,0,0,0,1,1,3,2132,1492,229,1,T,308.6866857
261,34,female,1,0,1,24,1,4,3,1,1,0,4,0,1,0,0,0,0,5,1837,1102,-822,0,T,-1005.943581
166,37,female,1,0,1,12,2,2,2,1,1,0,4,0,0,1,0,0,0,3,1922,1345,-494,0,T,-307.5236001
552,37,female,0,0,2,6,4,3,3,2,1,0,4,0,0,1,0,1,0,1,609,609,119,1,T,130.4420187
340,31,male,0,0,1,6,4,4,3,2,1,0,1,0,0,1,0,0,0,4,1957,1369,292,1,T,652.046617
92,34,female,3,0,2,36,3,4,2,2,1,0,4,0,0,1,0,0,1,4,4454,3117,397,1,T,67.79259605
412,35,male,0,2,1,12,2,1,4,2,1,0,3,0,0,1,0,0,1,4,1680,1344,349,1,T,391.839308
99,49,male,1,0,1,30,4,2,3,2,1,0,2,0,0,1,0,0,0,3,8386,8386,-3751,0,T,-119.6983088
516,20,male,0,0,1,12,2,4,2,2,1,1,2,0,0,0,0,0,0,3,1282,769,-302,0,T,-396.0171216
128,37,male,3,2,1,12,4,4,3,2,1,1,3,0,0,0,1,0,0,3,1402,1261,397,1,T,712.0112945
646,36,male,0,0,2,11,4,2,2,2,2,1,2,0,0,0,0,0,1,1,3905,3514,636,1,T,-337.6343055
919,33,male,1,0,2,18,0,4,2,2,1,0,1,0,1,1,1,0,0,3,3244,2919,702,1,T,-1324.835981
943,55,male,0,0,3,18,4,4,0,0,2,0,2,0,0,0,0,0,0,0,1190,833,-394,0,T,-743.0670575
805,39,male,3,0,2,11,4,4,2,1,1,0,1,0,0,1,0,0,0,1,7228,6505,1165,1,T,-66.95422013
192,25,male,1,0,1,24,4,4,1,1,1,0,2,0,1,1,0,0,0,3,4736,4262,-1718,0,T,-447.668558
410,54,female,1,3,1,12,2,4,4,2,1,0,4,0,0,1,1,0,1,1,1318,1186,348,1,T,-20.35631406
85,29,male,0,0,1,36,2,2,3,2,1,0,4,0,0,1,0,0,0,3,5179,4143,-2232,0,T,-346.6953562
213,24,female,3,0,1,12,2,2,2,1,1,1,3,0,0,0,0,0,1,3,1768,1237,300,1,T,59.50293767
302,60,male,0,0,2,24,4,4,4,1,1,0,4,0,0,1,0,0,0,1,1199,959,-289,0,T,-640.784804
311,35,male,1,0,1,9,4,3,3,2,1,1,4,0,0,0,1,0,0,3,1919,1535,328,1,T,115.7632128
208,51,male,0,0,2,8,4,4,4,3,2,0,3,0,1,0,1,0,0,0,1164,698,87,1,T,-275.5352876
957,31,male,0,0,1,48,2,2,2,2,1,0,3,0,0,1,1,0,0,4,6758,4054,-1503,0,T,-811.8125713
895,43,male,3,0,1,18,2,1,1,1,2,0,4,0,0,1,0,0,0,3,1533,1073,-566,0,T,-161.9339249
383,47,male,0,0,2,8,4,4,4,1,1,0,4,0,0,1,0,0,1,1,731,438,42,1,T,-102.51394
216,24,male,2,0,1,36,2,1,2,2,1,0,4,0,0,1,0,0,0,4,5848,4093,896,1,T,-102.0987237
988,36,female,3,4,2,30,4,3,3,2,1,0,2,0,0,1,0,0,0,4,6742,4045,459,1,T,748.2703238
259,26,male,3,0,1,9,2,2,2,2,1,1,4,0,0,0,0,0,1,3,1388,1249,366,1,T,123.3046325
652,40,male,0,0,1,6,4,4,1,1,2,0,2,0,0,1,0,1,1,1,1361,1224,291,1,T,83.69031207
87,27,male,3,3,2,24,4,2,2,2,1,0,4,0,0,1,0,0,1,2,5804,4643,956,1,T,628.4193192
743,46,female,3,3,2,18,4,3,2,2,1,0,4,0,0,1,0,0,1,4,1149,804,98,1,T,594.0552184
768,24,male,1,1,1,72,2,2,2,2,1,0,2,0,0,1,0,0,0,4,5595,3916,-2321,0,T,-1186.924782
906,23,male,0,0,2,36,4,4,1,1,1,1,4,0,0,0,1,0,0,3,6229,3737,-1801,0,T,-1002.195633
303,44,male,1,1,1,12,4,4,1,2,1,0,3,0,0,1,0,0,0,2,1804,1623,407,1,T,366.1384268
937,40,male,1,0,1,18,2,4,3,2,1,1,2,0,0,0,0,0,1,3,3001,2700,699,1,T,-99.69719217
240,39,male,0,0,1,36,2,4,3,3,2,0,2,0,1,0,1,0,0,1,3249,2599,564,1,T,-729.9489766
868,64,male,0,0,1,24,2,4,4,1,1,1,4,0,1,0,0,0,1,4,2384,1430,322,1,T,-354.3858684
312,25,female,3,0,2,36,4,2,2,2,1,0,4,0,1,1,1,0,1,1,7855,4713,-1659,0,T,-400.6398524
4,36,male,1,3,1,18,2,3,1,2,1,0,3,0,1,1,1,0,1,6,1913,1721,416,1,T,-506.0065362
711,32,male,1,0,1,12,2,2,3,2,1,0,2,0,0,1,0,0,0,1,6078,5470,1702,1,T,-131.0418962
58,23,male,0,0,1,24,2,4,1,1,1,1,4,0,0,0,1,0,1,3,3234,3234,-1151,0,T,-560.2173999
308,41,female,1,0,2,42,4,1,3,1,1,0,2,0,1,1,0,0,1,6,5954,4763,1000,1,T,-850.7298293
975,33,female,3,0,1,15,2,2,3,2,1,0,2,0,0,1,0,0,0,2,3029,1817,366,1,T,658.0834456
757,34,male,3,3,1,24,4,2,4,2,1,0,2,0,0,1,0,0,0,4,2578,1289,196,1,T,439.4517731
829,49,male,1,0,2,12,2,4,2,2,1,0,4,1,0,1,1,0,1,4,1092,764,94,1,T,-181.68067
342,40,female,3,2,1,10,2,2,2,1,2,1,3,0,0,0,0,1,0,1,1597,1277,343,1,T,11.8070194
870,24,female,3,0,2,18,4,2,2,2,1,0,4,0,0,1,0,0,0,4,1800,1440,233,1,T,94.9529827
626,35,female,3,0,2,24,4,2,2,1,1,0,4,0,0,1,0,0,1,4,2684,1342,106,1,T,165.3447511
845,55,male,2,4,1,12,2,4,4,3,1,0,3,0,0,1,1,0,1,3,1424,854,199,1,T,987.742914
203,48,male,0,0,2,10,4,3,1,1,2,1,1,0,0,0,0,1,1,1,2241,1568,258,1,T,-423.3557309
122,45,female,3,4,1,36,2,4,4,1,1,0,2,0,0,1,1,0,1,4,3835,2301,458,1,T,419.0217343
44,74,male,3,0,1,5,2,4,3,1,1,0,1,0,0,1,0,0,1,6,3448,3103,824,1,T,305.1157582
571,35,female,3,2,1,15,2,4,4,2,1,0,1,0,0,0,0,0,0,1,5324,3194,629,1,T,-134.3608104
267,50,female,3,0,2,21,2,2,4,2,1,0,4,0,0,1,0,0,1,3,2241,1792,343,1,T,-171.4102504
734,24,male,0,4,1,15,2,2,2,2,1,1,4,0,0,0,0,0,0,0,1275,637,-222,0,T,164.141197
873,59,male,1,0,1,48,1,3,4,2,1,1,4,0,0,0,0,0,0,6,6416,6416,-3914,0,T,-2244.423133
100,37,female,3,4,2,12,4,1,1,1,2,0,2,0,0,1,0,0,0,5,3565,2852,553,1,T,413.4885226
313,63,male,2,0,2,10,4,4,4,2,1,0,4,0,0,0,1,0,0,1,781,390,31,1,T,-99.68683547
134,30,male,3,1,2,18,4,2,2,2,1,0,4,0,0,1,0,0,1,5,1864,1491,-1183,0,T,288.8879782
468,41,male,3,2,1,21,3,2,1,1,2,0,4,0,1,1,0,0,1,6,2580,1290,-805,0,T,168.8395709
232,26,male,2,0,1,24,2,4,1,2,1,0,2,0,0,1,0,0,0,3,3749,2624,612,1,T,-92.55514749
310,20,male,2,4,2,24,4,4,4,2,1,1,4,0,0,0,0,0,0,3,3617,2170,265,1,T,334.6143385
360,20,male,1,0,1,24,2,4,2,1,1,1,3,0,0,0,1,0,0,1,2718,1630,-831,0,T,-945.9839999
11,41,male,3,1,1,24,2,4,4,1,1,1,4,0,0,0,0,0,1,1,1469,1322,376,1,T,-149.6806227
608,34,male,0,0,1,42,2,3,1,2,1,0,4,0,0,1,0,0,0,4,3965,2775,-1203,0,T,-791.1978387
923,22,male,0,0,1,24,2,1,1,2,1,0,4,0,1,0,0,0,0,3,3149,1889,323,1,T,-758.2125581
631,24,male,3,4,1,30,2,4,3,1,1,1,2,0,1,0,0,0,0,2,4811,3848,1076,1,T,687.8637676
482,46,male,0,0,1,48,2,4,3,2,2,0,4,0,0,0,0,0,0,1,3931,3537,-1985,0,T,-985.155756
649,52,female,3,0,1,12,2,4,2,2,1,0,2,0,0,1,1,0,0,4,3077,2769,674,1,T,211.3326681
256,34,male,0,0,2,48,2,1,3,2,1,0,1,1,0,1,1,0,1,4,6999,4899,-1881,0,T,-476.0592055
265,40,female,3,1,1,15,2,2,2,3,1,0,3,0,0,1,1,0,0,5,4623,2773,-2096,0,T,143.4708105
54,32,male,1,0,2,36,2,1,3,2,2,0,3,0,0,1,0,0,0,5,2273,1818,350,1,T,-803.5227365
146,29,female,3,0,1,6,2,1,2,2,1,0,3,0,0,1,0,0,1,4,518,466,135,1,T,536.9312159
524,30,male,0,0,1,24,2,2,0,3,2,0,4,0,1,1,0,0,0,4,1823,1093,-648,0,T,-385.2633637
911,35,male,1,2,1,14,2,2,4,2,1,0,1,0,0,1,1,0,1,6,1410,846,144,1,T,-375.0196473
236,38,male,3,4,1,18,4,4,0,3,1,0,2,0,0,1,1,0,0,2,3229,3229,1119,1,T,943.8220348
328,28,male,1,0,2,48,2,4,3,2,1,0,4,0,0,1,0,0,1,4,3060,1836,-836,0,T,-598.7160264
215,27,female,0,0,1,27,2,2,2,3,1,0,3,0,0,1,0,0,0,4,3416,3074,922,1,T,-365.2007073
6,29,female,1,4,1,24,3,2,1,1,1,0,4,0,1,1,0,0,0,3,2333,1866,480,1,T,269.9252049
481,24,female,1,4,1,12,2,2,0,0,1,1,1,0,0,0,0,0,1,1,7472,5230,1339,1,T,-16.70727486
555,43,male,0,0,2,24,3,2,0,2,2,0,4,0,0,0,0,0,1,1,1333,799,-474,0,T,-540.3180433
515,30,female,1,1,1,48,1,2,3,2,1,0,4,0,0,1,0,0,0,6,3566,2139,481,1,T,-1386.897969
250,27,male,3,1,2,6,4,1,2,2,1,0,1,0,0,1,0,0,0,4,1237,1113,195,1,T,608.1179309
579,35,female,1,3,1,18,2,2,2,1,1,0,4,0,0,1,1,0,0,6,1941,1358,359,1,T,-597.0130373
258,26,female,3,4,1,24,2,4,0,3,1,1,2,0,0,0,1,0,0,2,5433,4889,1312,1,T,383.0178243
869,35,male,3,1,1,9,2,4,4,2,1,0,3,0,0,1,1,0,0,4,2753,2202,503,1,T,493.26086
446,31,male,0,0,1,24,2,3,3,2,1,0,2,0,0,1,1,0,0,1,4817,2890,-1679,0,T,-263.5918548
288,26,female,0,1,2,24,4,1,3,2,1,0,4,0,0,1,1,0,1,6,1382,967,141,1,T,-87.30467061
744,37,female,3,3,2,24,4,4,4,2,1,0,4,0,0,1,1,0,1,1,1287,1158,280,1,T,115.8423329
567,27,female,3,0,2,24,4,2,0,3,1,0,4,0,1,1,1,0,0,0,6314,5682,1096,1,T,-191.1684295
593,46,female,0,0,2,12,1,2,1,2,1,0,4,0,1,1,1,0,0,1,697,348,-173,0,T,-1132.089545
847,26,male,3,0,2,33,3,2,2,2,1,0,2,0,0,1,1,0,0,6,2764,1658,189,1,T,-668.0685384
806,23,male,2,0,1,18,2,2,4,3,1,0,3,0,0,1,0,0,0,1,1961,1961,659,1,T,-69.8980504
605,39,male,3,2,1,36,2,4,4,2,1,0,4,0,0,1,0,0,0,4,2299,2069,597,1,T,-59.04450782
205,44,male,1,0,1,18,3,4,2,1,2,0,2,0,0,1,1,0,1,0,6204,4963,1229,1,T,206.594146
243,47,female,1,0,2,12,4,3,3,1,2,0,2,0,0,1,0,0,1,1,958,670,105,1,T,78.17696624
780,22,male,3,0,2,12,4,4,1,1,1,1,2,0,0,0,0,0,0,3,1258,1006,204,1,T,-234.2571732
946,32,male,3,0,1,18,2,2,1,2,1,0,3,0,0,1,1,0,0,4,4594,2756,556,1,T,-23.25937869
399,26,male,0,0,1,36,2,2,2,2,2,0,2,0,0,1,0,0,0,2,8229,6583,-2272,0,T,-394.6383014
55,23,female,1,0,1,12,2,1,1,2,1,1,1,0,0,0,0,0,1,4,1534,920,-415,0,T,-288.9928952
182,28,female,1,0,1,6,2,3,3,1,1,0,3,1,1,1,0,0,1,4,484,338,71,1,T,505.3344758
581,24,male,0,0,1,36,2,1,3,2,1,0,2,0,0,1,1,0,0,1,9271,6489,-3149,0,T,-518.7986342
61,45,female,1,0,1,7,2,1,1,2,1,0,1,1,0,1,0,0,1,4,2329,1397,277,1,T,28.49360524
348,36,female,3,4,1,6,2,4,0,3,2,0,4,0,0,1,1,0,0,0,1238,742,137,1,T,740.3571739
635,23,male,1,0,2,13,4,4,1,2,1,0,4,1,0,1,0,0,1,4,882,441,60,1,T,-87.88608012
921,55,female,3,3,1,12,2,2,3,2,1,0,3,0,0,1,0,1,0,2,1413,1271,384,1,T,1022.992218
662,27,female,1,4,1,60,3,2,2,3,1,0,2,0,0,0,0,0,0,4,9157,9157,2992,1,T,-461.1822725
137,37,male,2,4,1,12,2,3,4,3,1,0,2,0,0,1,0,0,0,4,3399,2039,493,1,T,928.4223021
325,27,male,3,0,2,12,4,2,2,2,1,0,3,0,0,1,0,0,1,6,1185,592,73,1,T,-181.1161407
592,32,female,1,0,1,48,0,2,2,3,1,0,1,0,1,1,1,1,0,0,18424,12896,-6960,0,T,-1688.00528
362,22,female,0,0,1,24,1,4,2,2,1,1,1,1,1,0,0,1,0,2,3632,2179,392,1,T,-807.8859204
66,50,male,0,0,1,48,2,1,3,3,1,0,4,0,0,0,1,0,0,5,7476,5980,1585,1,T,-936.3962632
101,22,male,1,0,1,48,2,2,2,2,1,0,2,0,0,1,0,0,1,4,5951,5355,-3080,0,T,-736.474234
901,28,male,1,0,2,30,4,2,0,3,1,0,4,0,0,1,0,0,0,1,5234,4187,-1605,0,T,-935.077694
245,29,male,1,0,2,20,3,3,2,2,1,0,2,0,1,1,1,0,0,0,2629,1577,258,1,T,-244.7622495
206,25,male,3,0,1,12,2,2,2,2,1,0,3,0,0,1,0,0,0,4,1262,1009,275,1,T,211.3326681
600,31,male,3,0,1,12,2,4,3,1,1,0,3,0,0,1,0,0,1,3,1736,1388,339,1,T,619.2382619
974,26,male,1,1,2,30,0,4,2,1,1,1,4,0,0,0,0,0,0,6,4280,2568,-1974,0,T,-1996.228059
627,36,male,3,4,2,36,4,4,4,2,1,0,4,0,0,1,0,0,1,6,6304,4412,681,1,T,-171.4222325
431,44,female,3,2,1,48,4,2,2,2,1,0,2,0,1,0,0,0,0,1,10127,6076,-2454,0,T,-574.2973036
380,51,male,2,0,1,24,2,4,4,2,1,0,3,0,0,0,0,0,0,3,2892,2313,589,1,T,-236.5485045
411,26,male,3,4,1,12,2,4,1,2,1,1,2,0,0,0,1,0,0,2,2445,2445,654,1,T,615.1002978
153,24,male,0,0,1,18,2,2,2,2,1,0,2,0,0,1,0,0,1,4,3190,1914,-1031,0,T,24.19953535
17,36,female,3,1,1,24,4,4,4,2,2,0,3,0,0,1,1,0,1,4,2872,2584,744,1,T,594.2980224
190,46,male,3,0,2,15,4,4,4,2,1,0,4,0,0,1,1,0,0,4,1829,1829,464,1,T,118.9230059
708,51,male,1,0,1,11,3,4,3,2,1,0,2,0,0,1,0,0,0,4,4771,3816,864,1,T,580.7082624
478,66,female,2,2,3,12,4,4,0,0,1,0,2,0,1,0,0,0,0,1,1480,1036,62,1,T,-117.2126977
680,51,female,0,4,1,18,2,4,4,2,2,0,1,0,0,0,1,0,0,2,7511,5257,-1602,0,T,297.1289923
699,33,male,2,0,2,42,0,1,1,2,1,0,2,0,0,1,0,0,0,6,6289,3144,258,1,T,-1828.067433
621,43,female,3,0,3,12,4,4,4,2,1,0,4,0,0,1,1,0,1,3,1935,1548,124,1,T,31.21853853
586,33,male,3,1,1,24,2,3,1,2,1,0,4,0,0,1,1,0,1,1,1474,737,154,1,T,-5.687265686
954,45,female,2,0,1,18,2,1,1,1,1,0,1,0,1,1,0,0,0,3,3049,3049,902,1,T,35.04824222
276,23,female,1,1,1,12,2,4,3,1,1,1,2,0,0,0,0,0,1,6,841,841,249,1,T,-177.1287588
766,37,male,3,4,1,48,2,3,3,2,1,0,4,0,1,1,1,0,0,4,10222,9199,2951,1,T,354.2364503
558,24,male,3,0,2,15,4,3,3,2,1,0,2,0,1,1,0,0,0,3,2788,2230,401,1,T,368.6651132
454,25,female,3,4,2,24,2,2,1,2,1,0,4,0,0,1,0,0,0,4,3105,3105,708,1,T,198.2495961
563,35,female,3,4,1,15,2,2,4,2,1,0,4,0,0,1,0,0,0,4,1979,1781,445,1,T,667.6384401
283,41,male,0,0,1,36,2,2,4,2,2,0,2,0,1,1,0,0,0,3,2712,1627,-603,0,T,-735.1120097
353,23,female,3,1,1,24,2,4,3,2,1,0,3,0,0,1,0,0,0,2,3488,1744,359,1,T,724.6365298
426,24,male,1,4,1,9,2,1,3,2,1,0,2,0,0,1,1,0,0,3,2030,1827,499,1,T,664.8022152
226,24,male,1,0,1,30,2,2,2,2,1,0,4,1,1,1,0,0,0,1,2150,1720,-683,0,T,-862.4370472
184,23,male,0,0,1,18,2,3,1,2,1,1,4,0,0,0,1,0,0,1,1216,729,-266,0,T,-802.7124463
36,23,male,3,0,1,9,2,4,1,2,1,1,1,0,0,0,1,0,1,0,1236,741,140,1,T,80.33685028
341,27,male,3,0,2,14,3,2,2,1,1,0,4,0,0,1,0,0,0,1,802,802,165,1,T,26.89870935
52,26,male,0,0,1,12,2,2,3,2,1,0,4,0,0,1,0,0,1,1,759,531,-305,0,T,189.6100827
162,48,male,2,1,1,10,2,4,4,1,2,0,1,0,0,0,0,0,0,1,1240,744,-409,0,T,147.0476289
807,37,male,3,0,1,36,2,4,2,2,1,0,4,0,1,0,1,0,0,5,1819,909,-637,0,T,-772.2495645
912,36,male,1,2,1,12,4,3,3,3,1,0,3,0,0,1,1,0,0,1,2366,2366,810,1,T,370.8766369
67,23,male,2,0,1,12,2,4,2,2,1,1,3,0,0,0,0,0,1,4,1297,648,137,1,T,395.1596509
602,53,female,3,4,2,24,4,4,4,2,1,0,4,0,0,1,0,0,0,4,2424,1212,151,1,T,487.4570599
882,43,male,0,0,1,36,2,3,0,3,1,0,2,0,0,1,0,0,0,0,15857,15857,4387,1,T,-715.1238144
876,31,female,3,0,1,24,2,2,2,2,1,0,2,1,0,1,1,0,1,1,1393,835,178,1,T,-156.6567774
935,32,female,1,3,2,9,4,3,4,2,2,0,4,0,0,0,0,0,0,5,1136,681,-538,0,T,-305.7169226
335,33,female,1,0,1,18,2,1,4,3,1,0,1,0,1,1,1,0,1,6,4439,3551,950,1,T,-739.9566284
828,32,male,3,0,1,6,2,4,1,2,1,0,1,0,0,1,0,0,0,3,4611,2766,-1336,0,T,93.27285456
507,48,female,3,4,4,27,2,4,4,2,2,0,4,0,0,1,1,0,0,0,5190,5190,424,1,T,-294.7023331
363,22,male,0,0,1,12,2,1,1,2,1,1,4,0,0,0,0,0,0,3,1858,1486,409,1,T,-503.0057786
489,43,male,1,0,1,24,2,3,3,2,1,0,3,0,0,1,1,0,0,3,4057,2839,-918,0,T,-214.1453977
395,42,male,3,0,3,4,4,1,3,1,2,0,2,0,0,1,0,0,1,1,1455,1455,176,1,T,417.669767
286,35,male,3,0,2,15,4,4,2,2,1,0,4,0,0,0,1,0,0,4,1471,882,85,1,T,-52.3956648
367,35,female,1,0,2,6,3,1,0,3,1,0,4,0,1,1,1,0,0,3,1050,735,88,1,T,-94.90623287
689,34,female,1,4,2,24,4,3,3,2,2,0,4,0,0,1,1,0,0,6,2825,2260,405,1,T,-105.9756797
425,35,male,3,2,1,12,1,3,2,1,2,0,4,0,0,1,0,0,1,0,3447,2412,509,1,T,157.2381534
13,25,male,0,0,2,21,2,2,2,2,1,0,3,0,0,1,1,0,1,4,1835,917,-508,0,T,-250.4289337
613,40,female,0,0,1,12,2,2,2,1,1,0,4,0,0,1,0,0,1,4,701,420,93,1,T,151.8029251
905,28,female,3,1,1,12,2,2,2,2,1,0,4,0,0,1,0,0,1,4,2073,1243,224,1,T,667.2859949
7,27,male,1,0,1,9,2,1,2,2,1,0,2,0,1,1,1,0,1,6,1391,695,118,1,T,-508.7198721
82,26,male,1,0,1,8,2,2,1,2,1,0,3,0,0,1,1,0,1,6,907,816,248,1,T,-594.4412976
389,65,female,3,0,2,18,4,4,0,0,1,0,4,0,0,1,0,0,0,4,1098,658,90,1,T,11.08863154
257,29,male,2,0,1,6,3,1,1,2,1,0,2,0,1,1,0,0,0,4,683,341,49,1,T,808.6346707
449,44,female,3,2,1,12,4,4,2,2,1,0,4,0,0,1,1,0,1,1,1163,814,193,1,T,600.4685352
420,21,male,1,1,1,45,2,4,2,2,1,1,4,1,0,0,0,0,0,4,3031,2424,-997,0,T,-823.8598709
960,32,male,3,0,1,24,3,2,2,2,1,0,1,0,0,0,0,0,0,6,3863,3476,975,1,T,-476.987022
913,29,female,0,0,2,12,4,2,2,2,1,0,3,0,0,1,0,0,1,1,3499,3149,-1351,0,T,-147.7511948
529,35,male,0,0,1,47,2,1,1,1,1,0,1,0,0,1,1,0,1,1,10722,9649,2569,1,T,-1010.316663
710,34,female,1,1,1,18,2,4,2,2,1,0,4,0,0,1,0,0,0,6,2622,2359,580,1,T,-640.1619461
225,24,male,0,0,2,48,0,4,4,2,2,0,3,0,0,0,0,0,0,2,4605,3684,-1645,0,T,-1790.536086
942,33,male,1,4,1,18,2,2,2,2,1,0,4,0,0,1,0,0,0,1,1042,729,-364,0,T,-47.29112918
306,31,male,3,4,1,18,2,1,2,2,1,0,2,0,0,1,1,0,0,2,3378,2026,389,1,T,805.6359075
727,38,male,3,0,1,24,2,3,1,2,1,0,4,0,1,1,1,0,0,4,1533,1379,389,1,T,-150.8627684
538,37,male,0,0,1,48,1,4,3,2,1,1,2,1,0,0,0,0,0,6,7685,4611,-3379,0,T,-1733.349659
771,25,male,1,0,2,12,0,3,1,2,1,1,4,0,0,0,0,0,0,3,2969,1484,-647,0,T,-1515.371591
469,31,female,1,1,2,36,3,3,3,1,2,0,1,0,0,1,1,0,0,6,9857,6899,1312,1,T,-505.5088047
594,30,female,1,1,2,30,3,3,1,3,1,0,4,0,1,1,0,0,0,4,1919,1535,-892,0,T,-231.8113827
97,30,male,3,0,2,6,4,2,4,2,1,1,2,0,0,0,0,0,1,4,1740,1218,168,1,T,297.1729062
715,51,female,3,1,2,12,4,3,3,2,1,0,4,0,0,1,1,0,0,1,682,682,172,1,T,518.3216988
466,35,male,3,0,2,24,4,3,3,2,1,0,4,0,0,1,1,0,0,2,2346,1407,222,1,T,477.9020654
651,36,female,2,2,1,15,4,2,2,2,1,0,2,0,0,1,1,0,0,2,2360,1652,329,1,T,1008.399164
732,48,female,1,4,1,24,2,4,2,1,1,0,1,0,0,1,1,0,0,3,4351,3045,663,1,T,-2.79124089
856,27,female,0,0,1,24,1,4,3,2,1,0,3,0,1,1,0,0,0,3,3552,1776,-894,0,T,-548.7926329
207,61,male,1,0,1,36,0,4,4,3,1,0,4,0,0,0,1,0,0,6,1953,1562,-976,0,T,-2210.794515
902,31,female,3,2,1,24,2,2,4,2,2,0,3,0,0,1,1,0,0,4,3430,2401,637,1,T,196.1622716
929,48,female,0,0,1,24,3,4,1,2,1,0,4,0,1,1,0,0,1,4,1024,614,-325,0,T,169.3125915
703,42,male,2,3,2,12,1,3,2,2,1,1,3,0,0,0,0,0,1,4,409,327,60,1,T,28.13589825
859,47,female,0,0,1,18,2,3,2,1,1,0,4,0,0,1,1,0,1,0,1217,973,-395,0,T,-50.45413601
803,34,female,1,0,1,7,2,2,2,2,1,0,3,1,0,1,0,0,1,4,2415,2173,578,1,T,135.4822623
476,55,female,3,3,2,12,3,4,4,2,2,0,4,0,0,0,0,0,0,0,1555,933,-545,0,T,355.6823889
947,35,male,3,0,2,24,3,3,3,1,1,0,3,0,0,1,1,0,0,2,4679,3275,604,1,T,635.5566897
80,39,male,1,0,1,21,2,4,4,2,2,0,2,0,0,1,0,0,0,6,1188,594,-446,0,T,-1001.753481
477,27,female,3,1,2,24,4,3,3,2,1,0,4,0,0,1,1,0,0,1,2463,2463,658,1,T,263.1149194
916,34,male,3,4,2,6,4,2,2,1,2,0,1,0,0,1,0,0,1,4,1898,1328,218,1,T,1108.094059
251,49,male,2,1,1,9,2,4,4,2,1,0,2,0,0,1,0,0,1,4,1126,563,92,1,T,888.2381852
12,31,male,1,1,2,6,3,2,4,2,2,0,1,0,1,1,0,0,0,6,1449,1304,252,1,T,-255.9085097
560,32,male,1,1,1,6,1,1,1,1,1,0,1,0,1,1,0,0,0,1,931,744,-441,0,T,-658.3580328
406,57,male,1,0,2,36,3,4,4,2,1,0,4,0,1,0,1,0,0,1,2225,1780,-747,0,T,-1072.144122
350,38,male,1,4,1,6,2,4,4,2,1,0,4,0,0,1,0,0,0,4,368,257,63,1,T,478.8618027
521,38,male,0,0,3,30,4,4,4,3,2,0,3,0,0,0,1,0,0,2,10623,6373,373,1,T,-717.6199955
8,30,female,3,0,1,36,2,2,2,2,1,0,1,0,1,1,0,0,0,2,8133,6506,1407,1,T,-137.1134003
983,38,male,1,4,1,48,3,4,2,2,2,0,4,0,0,0,1,0,0,6,6681,6012,1714,1,T,-807.6431642
904,24,male,1,0,1,9,2,3,2,2,1,0,4,0,0,1,0,0,1,4,458,412,127,1,T,92.94779905
787,42,female,3,0,1,12,4,4,4,2,1,0,2,0,1,1,0,0,0,3,3331,2331,564,1,T,254.8769287
30,26,male,3,0,1,12,2,2,2,2,1,0,2,0,0,1,1,1,1,6,1076,645,114,1,T,-192.339845
9,44,female,3,4,2,24,2,1,1,2,1,0,1,0,0,1,1,0,0,4,5943,5943,-1826,0,T,198.2495961
879,50,female,1,0,1,48,3,4,4,2,1,0,4,0,0,0,0,0,0,5,6224,4979,-4477,0,T,-1067.764635
333,28,female,0,3,1,18,2,2,2,2,1,0,4,0,0,1,0,0,0,3,2659,1329,238,1,T,-11.36309137
518,53,female,3,4,1,30,1,1,0,3,1,0,4,0,1,1,1,0,1,2,7485,5988,-2232,0,T,207.255879
860,31,female,3,0,2,18,4,2,3,2,1,0,2,0,1,1,0,0,0,1,2775,2220,-689,0,T,132.7601404
278,36,male,3,0,1,21,4,4,4,3,1,0,1,0,0,1,1,0,0,2,3275,3275,880,1,T,364.1138809
564,47,female,3,0,3,12,2,4,4,2,2,0,4,0,1,1,1,0,0,5,1393,1393,210,1,T,-512.1708834
102,24,male,0,0,1,48,2,4,1,2,1,1,3,0,0,0,0,0,0,6,4308,4308,-2807,0,T,-1731.619242
424,42,male,3,0,3,4,4,1,3,1,2,0,2,0,0,1,0,0,1,4,1544,1235,94,1,T,728.4475912
118,26,male,3,0,1,12,2,1,2,2,1,0,4,0,0,1,1,0,1,3,763,610,175,1,T,270.65328
713,30,female,1,0,1,12,2,2,2,2,1,0,4,0,0,1,0,0,0,0,639,639,-330,0,T,-243.5027253
211,24,male,3,0,1,6,3,2,2,2,1,0,3,0,0,1,0,0,1,4,932,652,167,1,T,916.6363188
990,42,male,0,0,1,18,2,3,2,2,1,0,2,0,0,1,0,0,0,3,4153,3322,-1278,0,T,-312.4701689
917,31,female,1,0,2,24,4,4,4,2,1,0,4,0,0,1,1,0,1,6,1935,967,-865,0,T,-856.3363137
722,23,male,2,0,1,36,2,2,2,2,1,0,2,0,0,1,1,0,1,4,3913,3130,899,1,T,95.89643444
365,33,female,3,0,2,24,4,2,3,2,1,0,4,1,0,1,1,0,0,4,1851,1665,365,1,T,315.9345748
2,25,female,1,0,1,12,2,1,1,2,1,1,3,0,0,0,0,0,0,1,1295,1165,-473,0,V,-797.7658775
10,56,male,3,0,1,12,4,4,4,2,1,0,4,0,0,1,0,0,1,4,618,556,163,1,V,591.546633
14,24,female,1,4,1,48,2,2,3,2,1,0,1,0,0,1,0,0,0,1,8487,5092,976,1,V,-336.7230959
18,33,male,0,0,2,15,0,3,4,2,2,1,4,0,0,0,0,0,0,1,950,570,-188,0,V,-1561.462757
21,52,male,3,2,2,9,4,2,4,2,1,0,4,0,0,1,1,0,0,5,936,842,198,1,V,264.3761188
23,26,female,1,0,1,12,2,1,1,1,1,0,4,1,1,1,0,0,1,4,625,375,90,1,V,-77.84255285
24,26,male,2,0,1,36,2,2,2,2,1,0,4,0,0,1,0,0,0,4,4210,2526,-816,0,V,-102.0987237
26,39,male,0,3,2,6,4,4,3,1,1,0,3,0,0,1,1,0,1,1,666,466,67,1,V,629.5442544
32,40,male,1,4,1,48,2,4,0,0,1,0,3,0,1,0,1,0,0,0,5381,5381,1768,1,V,-744.1986184
34,75,male,0,0,2,24,4,4,0,3,1,0,2,0,0,0,1,0,0,2,6615,3307,379,1,V,-423.2225111
38,36,male,3,4,1,36,2,4,2,2,1,0,4,0,0,1,0,0,1,1,3079,2771,811,1,V,148.0755818
46,30,male,3,4,1,36,4,2,2,3,1,0,4,0,0,1,1,0,0,2,11054,7737,1640,1,V,644.8762169
47,37,female,0,0,1,36,2,2,2,2,2,0,1,1,0,1,0,0,0,3,3620,1810,334,1,V,-695.2803381
50,26,male,3,0,2,12,4,2,4,2,1,0,2,0,0,1,0,0,0,4,1934,1547,282,1,V,182.7247007
53,44,male,3,0,2,24,4,4,4,2,1,0,3,0,0,0,0,0,0,0,5507,4956,848,1,V,-358.2860924
57,49,male,0,4,1,24,2,4,4,2,2,0,4,0,1,0,1,0,0,2,2964,2964,1012,1,V,169.5256026
59,30,male,1,0,2,18,4,3,4,2,1,0,3,1,1,1,0,0,1,1,1056,950,-388,0,V,-437.843077
63,27,male,1,0,2,21,4,3,3,2,1,0,2,0,0,1,0,0,0,6,3652,2191,337,1,V,-602.1131235
64,28,female,0,0,1,24,2,4,2,2,1,0,2,0,0,1,0,0,0,4,3660,2928,805,1,V,-301.3990125
68,27,male,3,1,2,24,4,3,2,1,1,0,3,0,0,1,1,0,0,6,4139,3311,551,1,V,-376.3599095
70,25,male,0,0,2,15,4,3,2,2,1,0,2,0,0,1,0,0,0,3,975,585,88,1,V,-237.4447697
74,33,male,1,0,1,24,3,2,1,2,1,0,1,0,0,1,0,0,0,4,6403,3841,696,1,V,-151.3393875
75,32,female,0,1,1,24,1,3,3,2,1,0,2,0,1,1,0,0,0,1,2325,1627,356,1,V,-462.9377421
76,49,male,0,0,1,6,2,1,4,2,1,0,2,0,1,1,1,0,0,3,428,342,99,1,V,-97.09506121
78,26,male,0,4,1,24,2,4,4,2,1,1,2,0,0,0,0,0,1,2,2812,1406,198,1,V,367.5207607
88,40,male,3,2,2,36,3,4,3,2,1,0,2,0,0,1,1,0,0,3,7678,4606,682,1,V,359.5759282
90,43,male,0,0,4,27,4,4,4,3,2,0,4,0,1,1,1,0,0,6,2442,1709,-10,0,V,-1417.129894
94,24,male,0,0,1,24,2,1,1,1,1,0,4,0,0,1,0,1,0,3,1747,1572,457,1,V,-547.0622157
95,45,female,3,4,1,12,2,3,1,3,2,0,2,0,0,1,1,0,0,1,3527,2468,522,1,V,353.5053255
96,40,female,1,0,3,18,4,3,0,0,2,0,3,0,0,1,1,0,0,6,3590,2872,343,1,V,-1181.587536
98,22,male,1,1,1,15,2,2,2,2,1,0,4,1,0,1,0,0,1,0,1514,1211,296,1,V,148.6489067
106,30,male,1,0,2,27,3,2,4,3,1,0,1,0,0,1,1,0,0,2,5965,5965,1508,1,V,-196.8433807
107,50,male,1,4,2,15,4,4,4,2,1,0,4,1,0,1,1,0,1,4,1537,1383,291,1,V,496.6755806
113,41,male,3,0,2,24,4,2,4,3,1,1,4,0,0,0,1,0,0,2,3868,2707,372,1,V,-121.6649305
114,29,female,0,0,1,36,3,3,2,2,1,0,4,0,1,1,1,0,0,5,6887,6198,-4715,0,V,-438.9190205
120,34,female,1,1,1,48,0,4,3,1,2,0,4,0,0,0,0,0,0,6,3844,3075,-2447,0,V,-1819.626472
123,23,male,0,4,1,12,2,4,2,2,1,1,4,0,1,0,1,0,0,5,1200,1080,299,1,V,40.57823177
125,51,male,3,0,1,6,2,2,3,2,2,0,3,0,0,1,0,0,0,4,1595,1595,534,1,V,687.5210396
131,42,male,1,0,1,36,0,1,2,2,1,0,4,0,0,1,1,0,0,4,3804,2282,-1051,0,V,-1358.14483
136,29,female,1,0,1,9,2,2,2,2,1,0,1,0,0,1,0,1,0,3,959,479,-247,0,V,-243.7219052
142,35,male,3,0,2,33,4,2,3,3,1,0,3,0,0,1,1,0,0,2,7253,5077,730,1,V,286.4969808
144,29,female,1,0,2,24,2,3,2,3,1,0,2,0,1,1,1,0,0,0,11328,7929,-4440,0,V,-709.5362789
147,36,male,0,0,1,15,2,3,1,2,1,0,2,0,0,1,0,0,1,1,1721,860,163,1,V,-329.765251
149,26,male,1,0,1,24,2,1,1,2,1,0,4,0,0,1,0,0,0,1,1201,720,165,1,V,-841.8223145
151,42,male,0,0,1,36,2,4,4,2,2,0,2,0,0,0,0,0,0,2,5493,4394,1032,1,V,-645.6203154
152,32,male,3,0,1,36,2,2,2,3,1,0,2,0,0,0,1,0,0,2,4686,2343,378,1,V,-348.2637426
154,28,male,1,1,2,15,2,4,2,2,1,1,2,0,0,0,1,0,0,1,2631,1315,-459,0,V,-707.4475207
155,60,male,3,0,2,24,3,4,4,2,1,0,4,0,0,0,1,0,0,1,2032,1219,125,1,V,-436.7556209
156,45,male,3,2,1,6,1,4,4,1,2,0,2,0,1,1,0,0,0,4,1750,1050,229,1,V,121.6683846
157,24,female,0,0,1,24,1,4,3,1,1,1,4,1,1,0,0,0,0,4,1546,1546,-813,0,V,-621.2684291
160,42,male,1,4,2,24,3,4,2,2,1,1,4,0,0,0,1,0,0,1,1965,1572,307,1,V,-217.1665325
163,32,female,3,0,2,18,4,2,2,2,1,0,3,0,1,1,0,0,0,1,1530,1377,-653,0,V,-215.8248415
165,38,female,1,0,2,15,2,4,4,1,1,0,4,0,0,1,0,0,0,0,1308,784,78,1,V,-557.962866
170,25,male,1,1,1,15,2,2,2,1,1,0,3,0,0,1,0,0,1,0,2631,1841,457,1,V,148.6489067
171,46,male,0,0,2,48,4,4,4,2,1,0,4,0,0,0,1,0,0,2,6331,5697,-2024,0,V,-889.6033905
172,35,male,0,0,1,6,1,4,4,2,1,0,4,0,0,0,0,0,0,5,1198,838,-590,0,V,-888.8932449
174,21,male,0,0,1,24,2,4,2,1,2,1,2,0,0,0,0,0,1,4,1987,1192,-693,0,V,-314.5541967
178,25,male,0,0,2,36,4,2,2,3,1,0,3,0,0,1,1,0,0,5,8065,4839,-3043,0,V,-807.400419
186,43,female,3,4,2,24,4,4,3,2,1,0,3,0,0,1,1,0,0,2,4042,2425,301,1,V,1037.841204
188,46,male,2,0,2,6,4,4,4,2,2,0,1,0,0,1,0,1,1,1,1343,805,84,1,V,394.5275915
189,48,male,3,4,1,24,2,4,2,2,1,0,2,0,0,0,1,0,0,2,9277,5566,981,1,V,466.8821754
191,44,male,3,4,2,20,4,4,1,2,1,0,2,0,0,1,1,0,1,1,3485,2788,456,1,V,392.586335
195,31,male,3,0,1,10,2,2,2,1,2,0,3,0,0,1,0,1,1,1,1546,1236,286,1,V,141.0844653
196,24,male,0,0,2,36,3,1,3,2,1,0,2,0,0,1,1,0,0,6,2145,1072,-673,0,V,-640.8101526
199,33,male,3,0,1,48,2,2,0,3,1,1,3,0,1,0,1,0,0,6,4844,3390,-2152,0,V,-1450.970035
200,34,male,3,1,1,15,1,4,4,1,2,0,4,0,1,1,0,0,0,4,1569,941,158,1,V,-91.64658579
202,22,male,1,0,1,12,2,1,2,2,1,0,1,0,0,1,1,0,0,4,1567,1096,241,1,V,-168.8490539
204,30,male,1,1,2,18,2,2,2,2,1,0,2,0,0,1,1,0,0,1,5866,2933,225,1,V,-560.0988732
210,33,male,3,4,1,12,4,3,4,1,2,0,4,0,1,1,0,0,0,4,797,717,-302,0,V,953.4906135
212,28,male,1,0,1,18,2,3,3,1,1,1,3,0,0,0,0,0,1,1,6260,3756,708,1,V,-271.8004702
221,26,female,3,0,2,27,3,4,3,2,1,0,3,0,0,1,0,0,0,6,5117,3581,647,1,V,-191.8801669
223,30,male,3,0,2,12,2,2,2,2,1,0,4,0,1,1,0,0,1,4,707,565,90,1,V,198.501052
224,35,male,3,1,1,12,2,1,3,2,1,0,3,0,0,1,0,0,0,4,2141,1712,445,1,V,817.8758187
227,36,male,0,0,3,18,4,4,4,3,1,0,2,0,0,0,1,0,0,1,5302,4771,564,1,V,-935.1585308
228,36,female,1,4,1,48,1,4,0,3,1,0,4,0,0,0,1,0,0,1,12169,7301,1522,1,V,-1437.626827
230,44,male,0,0,2,24,4,4,4,3,2,0,2,0,0,0,1,0,0,2,6419,4493,763,1,V,-379.1898317
231,37,female,2,4,2,24,4,2,3,1,2,0,4,0,1,1,0,0,1,1,1344,806,-348,0,V,960.0732145
237,36,female,2,0,2,12,3,2,2,2,1,0,2,0,1,1,1,0,0,1,2247,1797,338,1,V,266.4153397
238,23,female,3,0,2,10,4,3,1,2,1,1,1,0,0,0,0,0,1,3,2146,1716,320,1,V,6.272448207
239,25,male,3,4,1,22,2,4,3,2,1,1,4,0,0,0,0,0,0,1,1283,898,215,1,V,385.2563058
244,36,female,0,0,3,6,4,4,0,3,1,0,4,0,0,0,1,0,0,3,1872,1497,155,1,V,-551.8811529
246,34,female,3,0,2,12,0,4,4,2,1,0,2,0,0,1,0,0,0,3,2759,2207,421,1,V,-856.8825409
249,57,male,0,3,2,30,2,4,4,2,1,1,4,0,0,0,1,0,0,3,3622,2173,302,1,V,-728.378659
253,53,male,0,0,2,48,0,4,2,2,2,0,3,0,0,0,0,0,0,3,7119,5695,-2010,0,V,-2051.346451
254,41,male,3,0,1,12,3,4,2,2,1,1,4,0,0,0,0,0,1,2,1503,1503,427,1,V,739.8500772
255,31,male,0,4,1,30,2,4,4,2,1,0,4,0,0,1,0,0,0,3,6350,3810,-1837,0,V,-47.56948142
262,29,male,0,3,1,21,2,2,1,2,1,0,4,0,1,1,0,0,0,4,3357,2685,766,1,V,-43.4788971
263,38,female,3,4,1,48,2,2,2,2,1,0,4,0,1,1,0,0,1,6,3914,2348,-1440,0,V,-398.0210446
269,33,male,3,0,2,15,3,3,2,2,1,0,4,0,1,1,0,0,1,4,1478,1330,255,1,V,514.40446
272,46,female,3,4,1,21,2,4,4,3,1,0,4,0,0,1,1,0,1,2,2476,1733,453,1,V,899.9976991
274,44,male,1,0,1,8,2,2,3,1,1,0,4,1,0,1,0,0,1,4,760,608,135,1,V,462.8000125
275,41,male,3,4,1,21,2,3,4,2,1,0,4,0,0,1,1,0,0,4,3160,2212,429,1,V,540.0350504
289,36,female,1,4,2,30,4,4,4,2,1,0,4,0,0,1,0,0,1,1,2181,1962,319,1,V,-133.1107178
292,25,male,1,4,1,30,2,4,4,2,1,0,2,0,0,1,0,0,0,4,2991,2691,802,1,V,-31.55175611
297,29,male,3,4,1,15,2,2,2,2,1,0,3,0,0,1,0,0,0,1,3556,2844,632,1,V,396.6922877
298,29,female,0,0,2,24,1,4,0,0,1,1,1,0,0,0,0,0,0,1,1193,954,-424,0,V,-1575.32236
301,45,male,0,0,1,42,2,4,3,2,2,0,2,1,0,0,0,0,0,3,7882,4729,792,1,V,-685.4490883
314,47,female,3,0,2,18,2,4,2,2,1,0,4,0,1,0,0,0,0,3,1984,1785,405,1,V,-476.9223843
317,70,female,1,0,1,10,2,4,0,3,1,0,2,0,1,0,1,0,0,1,7308,6577,2059,1,V,-732.1071084
318,33,female,1,0,1,8,2,2,2,2,1,0,4,1,0,1,0,1,1,4,1414,848,194,1,V,114.2150307
319,50,female,3,3,1,24,4,4,2,2,1,0,4,0,0,1,1,0,1,3,3777,2266,492,1,V,538.6040567
321,21,male,0,0,1,12,2,4,3,2,1,1,4,0,0,0,0,0,0,0,902,902,-273,0,V,16.58873506
322,66,female,2,0,1,30,3,4,4,3,1,0,4,0,0,1,1,0,1,6,1908,1526,-1279,0,V,-38.29441586
323,32,male,3,4,2,24,3,4,2,2,2,0,4,0,0,1,1,0,1,6,2978,2978,797,1,V,281.2708429
331,49,female,0,0,2,10,4,3,3,2,1,0,4,0,0,1,1,0,0,1,1038,830,126,1,V,45.3730922
332,25,female,1,0,1,12,2,3,3,1,1,0,2,0,1,1,0,0,0,1,685,685,-256,0,V,-131.0418962
337,21,male,3,0,1,6,2,2,2,2,1,1,1,0,0,0,0,0,0,3,1766,1766,567,1,V,-10.88883075
344,33,female,3,0,2,24,4,2,2,2,1,0,4,0,0,1,1,0,1,0,2058,1646,253,1,V,90.69107976
347,38,female,1,4,2,12,2,4,4,2,1,0,4,0,0,1,0,0,0,0,754,452,75,1,V,65.77796748
351,38,male,1,1,2,24,4,4,1,2,2,0,4,0,1,1,0,0,0,4,1216,972,-481,0,V,-261.8626173
352,20,male,1,0,2,12,3,4,2,2,1,1,4,0,0,0,0,0,1,4,585,526,91,1,V,-13.12590947
364,19,female,3,0,2,9,2,2,1,2,1,1,2,0,0,0,0,0,0,3,1980,1188,-398,0,V,-392.5059568
366,42,female,1,1,4,36,3,4,4,3,1,0,2,0,0,1,1,0,0,1,8086,4043,-1774,0,V,-1024.689159
370,44,male,0,4,2,6,4,3,1,1,2,0,1,0,0,1,0,0,1,1,4716,4244,747,1,V,432.8026765
372,25,male,0,0,2,9,4,4,2,1,1,0,4,0,0,1,0,0,1,4,1138,682,103,1,V,226.8283243
373,66,male,1,2,1,9,2,3,2,1,1,0,4,0,0,1,0,0,1,4,790,553,143,1,V,372.8158537
374,28,female,3,3,1,24,2,4,2,2,1,1,2,0,0,0,1,0,0,2,2603,1822,365,1,V,208.0501144
376,25,male,3,0,2,30,4,2,3,2,1,0,4,0,0,1,0,0,0,4,5771,5193,1122,1,V,188.3311851
379,23,female,1,1,1,12,2,2,1,1,1,0,4,0,1,1,0,0,0,1,836,501,-192,0,V,-328.6573664
385,50,male,3,0,1,24,1,4,3,2,1,0,4,0,1,1,1,0,0,6,1559,1091,237,1,V,-754.2608568
387,32,female,3,3,2,27,4,2,1,1,2,0,4,0,1,1,1,0,1,3,4526,4073,784,1,V,156.9869306
388,24,male,3,4,1,15,2,1,1,2,1,0,4,0,0,1,0,0,1,0,874,611,125,1,V,723.8229415
391,40,female,3,4,1,15,2,2,2,2,1,1,4,0,0,0,1,0,1,4,1386,693,150,1,V,694.3149276
394,42,female,3,2,2,12,4,4,4,2,2,0,4,0,0,1,1,0,0,4,522,261,36,1,V,462.5927553
398,36,female,0,0,1,60,2,4,4,2,1,1,4,0,0,0,0,0,0,6,7297,3648,-2507,0,V,-1919.669036
400,30,male,0,0,1,36,2,3,0,3,1,0,4,0,0,1,1,0,0,3,3959,3167,916,1,V,-779.1446892
401,53,male,0,0,2,24,3,4,2,2,2,0,3,0,0,0,0,0,0,1,4870,2922,-1742,0,V,-654.4488503
405,58,male,0,0,2,48,4,4,4,1,1,0,4,0,1,0,0,0,0,2,6143,3685,-1770,0,V,-889.6033905
409,52,male,0,0,1,10,2,4,4,1,1,0,3,0,0,1,0,0,1,4,2315,2083,648,1,V,154.5057166
415,23,female,3,0,1,21,4,4,1,2,1,0,4,0,0,1,1,0,0,3,2288,1830,389,1,V,-3.685141193
416,36,male,1,1,1,24,3,4,3,3,1,1,4,0,0,0,1,0,0,6,6967,4876,989,1,V,-250.6255934
417,36,female,3,2,1,36,2,4,4,2,1,0,4,0,0,1,0,0,0,1,909,727,192,1,V,-369.822332
427,32,male,3,0,2,10,4,4,4,1,2,0,3,0,0,1,0,1,1,1,1231,984,151,1,V,112.4764979
429,37,female,1,1,1,24,4,2,1,2,1,0,4,0,0,1,1,0,0,1,3878,2326,563,1,V,-361.8136673
430,46,male,3,4,2,48,4,2,4,3,2,0,4,0,1,1,0,0,0,6,7629,6103,863,1,V,-624.6241701
432,29,male,2,4,1,4,2,2,1,1,2,0,1,0,0,1,0,1,1,1,1494,1344,411,1,V,918.6205036
438,60,female,1,1,2,60,1,4,4,3,1,0,3,0,1,0,1,0,0,0,14782,7391,-2656,0,V,-1925.484518
443,25,male,1,4,1,12,2,2,4,2,1,0,1,0,1,1,1,0,0,3,2762,1657,-638,0,V,212.5838668
445,30,female,1,0,1,48,4,3,2,3,1,0,2,0,0,1,1,0,0,3,5096,4076,-1739,0,V,-851.0934598
447,34,male,3,0,2,18,2,1,3,2,1,0,4,0,1,1,1,0,0,6,1950,1170,160,1,V,-380.1801852
452,54,male,3,4,1,24,2,1,1,2,1,0,4,0,0,1,0,0,0,1,2255,1804,423,1,V,98.29854606
456,67,male,1,0,2,9,2,4,3,3,1,0,4,0,0,1,1,0,0,5,1199,1079,215,1,V,-229.3074828
458,27,male,1,0,2,9,2,4,4,1,1,0,4,0,0,1,0,0,0,4,1082,973,215,1,V,-355.7058049
459,52,male,3,4,1,12,2,4,4,3,1,0,4,0,0,0,1,0,0,1,2133,1919,600,1,V,209.5119685
460,40,female,0,4,1,24,1,3,4,3,1,0,4,0,1,1,1,0,0,0,1358,950,-376,0,V,-313.249273
461,23,female,2,0,1,10,2,2,1,2,1,0,4,0,0,1,0,0,0,3,1275,765,156,1,V,205.1860952
463,65,female,0,0,2,18,2,4,2,2,1,0,4,0,0,0,0,0,0,4,2600,1560,-557,0,V,-595.7727393
475,30,male,0,4,2,39,4,4,3,3,1,0,4,0,0,1,1,0,0,3,14179,7089,662,1,V,160.6657919
486,45,male,3,0,2,36,3,2,4,2,2,0,2,0,0,1,1,0,0,1,10875,7612,1341,1,V,-480.8120579
491,36,male,3,0,1,24,2,1,4,3,1,0,4,0,0,1,1,0,1,4,1278,1022,247,1,V,114.2893751
496,29,male,0,0,1,12,2,4,2,2,1,0,4,1,0,1,1,0,0,1,1893,1514,363,1,V,-356.9700572
497,22,female,1,0,1,6,2,1,1,1,1,0,3,0,0,1,0,0,0,0,454,363,81,1,V,-222.8879926
502,32,male,0,1,1,24,2,2,2,1,1,0,4,0,0,1,0,0,0,4,1282,769,-352,0,V,-43.44084374
503,36,female,0,0,1,6,2,2,2,1,1,0,1,0,1,1,1,0,1,3,1374,961,251,1,V,140.7317686
505,35,male,3,0,2,11,4,4,1,3,1,0,4,0,0,1,0,0,0,1,1393,835,93,1,V,-173.9428772
517,32,female,3,2,1,6,2,2,2,2,1,0,1,0,0,1,1,0,0,3,2978,2978,996,1,V,480.1295662
522,39,female,1,4,2,6,4,3,3,1,1,0,1,0,0,1,0,0,0,0,932,652,78,1,V,803.8484892
523,27,male,3,0,2,36,0,2,2,2,1,0,4,0,0,1,0,0,0,0,2613,2613,673,1,V,-1263.443553
527,37,male,1,0,1,15,2,3,4,2,2,0,4,0,0,1,0,0,0,4,802,561,-263,0,V,-272.4824205
528,32,male,3,0,1,9,2,2,2,2,2,0,1,0,0,1,0,0,1,4,2697,1887,390,1,V,473.129521
531,33,male,3,3,1,6,2,2,2,2,1,0,4,0,0,1,0,0,1,3,1543,1234,341,1,V,699.3637473
534,44,male,0,0,1,6,4,4,2,3,1,1,1,0,0,0,1,0,1,3,3384,3384,-1846,0,V,151.6319048
535,43,female,3,0,1,15,4,2,2,1,1,0,4,0,0,1,0,0,0,4,1459,1021,258,1,V,369.5814517
540,32,female,1,1,1,39,3,3,3,2,1,1,2,0,0,0,1,0,0,5,11760,7056,1248,1,V,-229.9847279
541,22,male,1,0,1,24,2,1,1,2,1,0,1,0,0,1,1,0,0,4,2039,1631,-926,0,V,-531.0444904
542,35,male,3,0,2,36,4,2,4,2,2,0,2,0,0,1,1,0,0,2,5842,4089,666,1,V,-165.7213676
550,20,male,0,4,1,24,2,4,2,2,1,0,2,0,0,1,0,0,0,3,2996,2696,-1242,0,V,119.86558
559,20,male,0,0,1,18,2,4,2,2,1,1,1,0,1,0,0,0,1,3,2039,1223,-517,0,V,-325.6253532
561,22,male,0,2,1,24,1,4,2,2,1,0,4,0,1,1,1,0,1,3,2828,1696,334,1,V,-419.514402
566,22,male,0,0,1,14,2,4,0,2,1,0,1,0,0,0,0,0,0,1,3973,2781,536,1,V,-694.519214
569,34,female,3,4,1,60,2,4,2,2,2,0,4,0,0,0,1,0,0,1,6527,6527,2161,1,V,-771.4834775
575,28,male,0,0,2,13,4,1,1,1,1,0,3,0,1,1,0,0,0,6,1797,898,115,1,V,-764.8920886
578,25,male,0,4,1,24,2,4,2,2,1,1,4,0,0,0,0,0,1,1,1371,1096,-388,0,V,-65.39288225
580,22,female,3,1,1,9,2,4,1,2,1,1,2,0,0,0,0,0,0,3,2301,2301,722,1,V,76.27898609
583,30,male,0,0,2,21,4,3,4,2,1,0,4,0,0,1,1,0,0,1,1602,961,124,1,V,-576.9831091
585,35,female,1,4,1,21,2,3,3,2,1,0,2,0,0,1,1,0,0,3,3976,3976,1113,1,V,409.5954358
588,40,male,1,3,2,11,4,4,2,2,1,0,4,0,0,1,0,0,0,1,1322,1322,345,1,V,-146.0288645
589,53,male,0,0,1,12,2,4,1,2,1,0,4,0,0,1,0,0,0,5,795,477,-413,0,V,-415.1992215
595,30,male,1,2,2,48,0,1,1,2,1,0,1,0,0,1,0,0,0,1,8358,7522,1804,1,V,-1962.07681
596,57,male,0,3,2,24,4,4,4,3,1,1,4,0,0,0,1,0,0,4,1231,738,76,1,V,-240.0502446
599,25,male,0,0,2,15,4,3,2,2,1,1,4,0,0,0,0,0,0,3,1433,859,128,1,V,-448.5951121
603,39,male,3,0,1,6,0,4,4,1,1,0,4,0,0,1,0,0,0,4,426,383,117,1,V,-379.7778308
612,30,female,0,4,1,42,2,3,3,3,1,0,4,0,0,1,1,0,0,4,7174,5739,-3167,0,V,224.3149389
617,33,female,0,0,1,18,2,2,0,2,1,0,4,0,0,1,0,0,0,3,1131,678,-313,0,V,-396.3345201
623,27,female,1,3,2,48,2,2,3,2,1,0,1,0,1,1,1,0,0,4,10961,7672,-3241,0,V,-495.6041069
624,23,female,1,4,1,6,2,2,0,0,1,0,1,0,0,1,1,0,0,1,14555,11644,-5406,0,V,124.0512991
629,26,female,0,0,1,48,2,3,3,2,2,0,4,0,0,1,0,0,0,2,4788,2394,472,1,V,-301.260099
632,38,male,0,0,1,12,2,3,2,1,2,0,2,1,0,1,0,0,0,3,708,708,242,1,V,-184.8667792
633,49,male,3,4,1,12,4,4,4,2,1,1,2,0,0,0,1,0,0,3,5801,3480,747,1,V,603.665725
636,49,male,3,4,1,12,4,4,4,2,1,0,1,0,0,1,1,0,1,4,2331,1165,228,1,V,1151.485772
637,27,male,3,0,2,18,4,1,3,2,1,0,3,0,0,1,0,0,0,2,3850,2695,324,1,V,605.5054551
640,55,female,0,0,1,12,2,4,0,3,1,0,3,0,0,0,0,0,0,3,2578,1546,318,1,V,-479.8814728
641,43,male,3,4,2,24,4,4,3,2,2,0,4,0,0,1,1,0,0,2,2197,1098,139,1,V,1037.841204
655,37,male,3,0,1,24,4,4,2,2,1,0,4,0,0,1,1,0,0,1,2022,1617,446,1,V,-132.601457
656,28,male,1,1,2,18,0,3,1,2,1,0,3,0,0,1,0,0,0,1,2278,1822,-868,0,V,-1345.969747
659,36,male,0,0,2,9,4,2,2,2,2,1,2,0,0,0,0,0,1,1,2799,1399,150,1,V,-295.0998423
660,23,male,0,0,2,24,2,4,3,2,1,1,4,0,0,0,0,0,0,1,1442,1009,-595,0,V,-685.5689713
666,41,male,1,0,1,12,2,4,4,1,2,0,4,0,1,1,0,0,0,1,888,799,-311,0,V,-519.4585498
667,34,male,1,3,1,30,1,2,2,2,2,0,4,0,1,1,1,0,0,3,3496,2796,692,1,V,-846.5307477
669,27,female,2,4,2,10,4,2,3,2,1,0,4,0,0,1,1,0,0,4,1347,942,173,1,V,1370.597123
671,24,female,1,1,1,48,2,2,3,2,1,0,3,0,0,1,0,0,0,1,6560,5904,-2623,0,V,-638.7040657
676,74,female,2,0,3,6,4,1,2,0,2,0,1,0,0,1,0,1,1,1,1299,909,109,1,V,223.532489
678,37,male,3,0,2,36,4,4,3,2,1,0,4,0,0,1,1,0,0,1,3535,3181,710,1,V,-250.0500287
681,26,male,1,0,1,6,2,3,1,1,1,0,3,0,0,1,0,1,1,4,590,413,111,1,V,49.76083686
683,33,male,0,0,3,18,4,4,4,2,1,1,1,0,1,0,1,0,1,1,3966,3569,-1955,0,V,-737.1633727
685,68,male,3,4,2,18,2,4,2,2,1,1,2,0,0,0,0,0,0,1,6761,4056,-1421,0,V,-89.08652371
688,36,male,0,0,1,18,1,4,1,3,1,0,3,0,1,0,1,0,0,4,1940,970,141,1,V,-949.2386782
691,24,male,0,4,1,21,2,2,3,1,1,0,2,0,0,1,0,1,1,1,3763,3763,1324,1,V,558.1441368
692,32,male,3,1,1,10,2,2,2,2,2,0,1,0,0,1,0,0,1,2,2848,1993,396,1,V,871.7879487
695,30,female,0,2,1,24,1,4,1,2,2,0,4,0,0,0,1,0,0,3,3349,2009,-615,0,V,-935.6485595
696,49,male,2,4,2,30,4,4,4,1,1,0,4,0,1,1,0,0,0,4,3656,3290,651,1,V,556.8358373
698,64,male,1,0,1,6,2,3,2,2,1,0,2,1,0,1,0,0,1,4,753,376,69,1,V,156.7494939
700,40,female,0,0,1,30,2,4,2,3,1,0,4,0,0,1,1,0,0,2,3857,3471,1057,1,V,-267.0349117
706,31,female,3,0,2,36,4,2,2,2,1,0,2,0,1,1,0,0,0,4,9566,7652,1185,1,V,-287.8571864
707,22,female,1,3,1,12,2,1,2,2,1,0,4,0,0,1,0,0,1,1,1007,805,174,1,V,19.47535761
709,47,female,1,1,1,36,2,4,2,2,2,0,1,0,0,0,1,0,0,5,12612,6306,-4459,0,V,-894.4731178
714,66,male,1,2,1,12,2,3,2,1,1,0,4,0,0,1,0,0,1,4,766,689,-368,0,V,309.0141588
717,20,male,1,3,1,11,2,1,1,2,1,0,4,0,0,1,0,0,1,3,1577,946,170,1,V,105.8572102
723,53,male,0,0,1,12,2,4,4,3,1,0,4,0,0,0,1,0,0,3,7865,5505,-2364,0,V,-435.8487933
726,29,male,0,0,1,12,1,1,2,2,1,0,4,0,0,0,0,0,0,4,2149,2149,-1220,0,V,-714.6466315
728,49,male,0,4,1,12,2,4,4,1,1,0,2,0,0,1,1,0,0,3,1262,1262,436,1,V,335.2406877
730,45,female,3,4,1,10,2,2,4,1,1,0,4,0,0,1,0,1,0,1,1287,1158,306,1,V,463.1967741
738,36,male,3,4,1,7,3,4,4,2,1,0,3,0,0,0,0,0,0,4,846,423,77,1,V,1006.331054
739,40,female,1,0,2,18,4,4,0,3,1,0,4,0,1,1,1,0,0,3,7374,6636,1159,1,V,-507.7676366
741,27,male,0,0,1,15,2,2,1,2,1,0,4,0,0,1,0,1,1,4,1053,631,119,1,V,-18.98742685
745,35,female,1,0,1,7,2,2,2,2,1,0,2,1,0,1,0,0,1,4,2576,2318,692,1,V,135.4822623
746,35,male,0,0,1,12,2,4,4,2,1,0,3,0,0,0,1,0,0,2,3386,3047,-1723,0,V,-135.2067566
747,32,female,3,4,2,48,3,3,4,2,2,0,3,0,1,1,0,0,0,4,7238,5790,907,1,V,134.6981255
748,25,female,2,0,1,24,2,2,3,2,1,0,4,0,1,1,0,0,0,4,5152,2576,377,1,V,501.6930376
750,40,male,3,0,2,24,4,3,3,2,1,0,4,0,0,1,0,0,0,3,1585,1268,196,1,V,177.2600287
753,42,male,3,0,2,4,4,1,3,1,2,0,2,0,0,1,0,0,1,4,1503,1202,182,1,V,939.2743653
754,37,female,1,0,1,18,4,4,4,2,1,0,3,0,0,1,1,0,0,3,3612,3250,1045,1,V,-252.908183
759,21,female,0,0,1,12,2,1,2,1,1,0,4,1,0,1,0,0,0,3,1289,773,133,1,V,-184.8667792
760,36,female,1,0,3,24,0,4,2,1,1,0,1,0,0,1,1,0,1,6,4241,3816,-2676,0,V,-1928.264112
763,29,male,1,1,1,9,1,3,3,2,1,0,2,0,0,1,0,0,0,1,1437,1005,-356,0,V,-266.5860887
769,30,female,1,1,1,36,3,3,4,2,1,0,4,0,0,0,0,0,0,1,2862,2862,782,1,V,-603.3591793
774,35,female,0,1,1,18,2,4,2,1,2,0,3,0,0,1,1,0,0,1,4380,3504,783,1,V,-226.6152782
776,39,female,2,4,2,15,4,4,2,2,1,0,3,0,0,0,1,0,0,4,1271,762,-256,0,V,704.5256409
778,25,male,0,0,1,18,2,1,3,2,1,0,4,1,0,1,0,0,1,4,3509,2105,502,1,V,372.7845172
779,38,male,3,4,2,48,4,3,4,2,2,0,4,0,0,1,1,0,0,2,2751,1925,361,1,V,139.0109916
782,24,female,3,0,2,6,4,2,3,2,1,1,1,0,0,0,1,0,0,4,1554,1554,346,1,V,487.5944016
784,23,male,3,0,1,4,2,3,1,1,2,1,1,0,0,0,0,0,1,3,601,601,191,1,V,122.6521336
785,28,female,3,0,1,24,2,2,1,2,1,0,4,0,0,1,0,0,1,1,1249,749,176,1,V,-263.6454344
786,28,female,3,0,1,15,4,2,2,2,1,0,4,0,0,0,1,0,0,3,3343,1671,357,1,V,19.7565632
793,39,male,0,0,3,48,2,4,3,2,2,0,4,0,1,0,1,0,0,2,10297,7207,-4283,0,V,-934.0639896
794,30,male,1,0,1,6,2,3,1,3,1,1,4,0,0,0,1,0,0,4,2063,2063,659,1,V,-359.3846636
795,38,female,3,4,1,12,2,4,0,3,1,0,4,0,0,1,1,0,0,1,2859,2287,509,1,V,376.6296314
797,54,male,3,0,1,15,2,2,4,3,1,1,4,0,1,0,1,0,0,4,3568,3568,1238,1,V,-103.4510408
800,38,female,3,0,1,12,2,4,4,2,1,0,4,0,0,1,0,0,0,4,804,402,61,1,V,171.5009964
804,37,female,2,0,1,10,2,2,2,2,1,0,2,0,0,1,1,0,0,0,1225,612,102,1,V,376.195627
809,30,male,0,1,1,18,2,3,3,3,2,0,4,0,0,1,1,0,0,1,2249,1574,421,1,V,121.9697037
815,28,male,0,0,2,36,4,2,2,2,1,0,3,1,0,1,0,0,0,3,5371,4833,1137,1,V,-684.0566337
826,23,female,3,1,1,15,2,4,1,2,1,0,1,0,0,1,1,0,0,2,3812,3812,1205,1,V,460.4679754
830,43,male,3,0,1,18,2,4,2,2,1,0,3,0,0,1,1,0,1,3,2515,1257,235,1,V,143.0498903
835,34,female,3,1,2,6,3,2,2,1,1,0,1,0,0,1,0,0,1,6,1743,1045,135,1,V,362.1000421
837,42,male,0,0,1,36,2,2,4,2,2,0,4,0,0,1,0,0,0,3,3446,3101,-1708,0,V,-735.1120097
840,46,female,1,0,2,12,2,1,4,2,1,1,1,0,0,0,0,0,1,1,1223,856,-335,0,V,-743.4405082
844,65,male,0,0,2,42,4,4,0,0,1,0,4,0,0,1,0,0,0,0,3394,2036,258,1,V,-831.5034998
850,32,male,1,0,1,18,2,2,4,1,1,0,4,1,0,1,0,0,1,4,1301,650,121,1,V,-138.2889572
861,33,male,3,0,1,18,2,1,1,2,1,0,4,0,0,1,0,0,1,4,2051,1435,343,1,V,174.7357794
863,36,male,3,2,2,42,4,4,2,2,1,0,4,0,0,1,1,0,1,3,4042,3233,650,1,V,-76.27190954
864,34,female,3,0,1,12,2,3,1,2,2,0,4,0,0,1,0,0,0,4,1493,1045,266,1,V,104.344011
865,38,male,2,0,1,24,2,3,3,2,2,0,4,0,1,0,0,0,0,1,947,947,-411,0,V,-20.23512894
866,28,male,1,0,2,30,0,1,2,2,1,0,2,0,0,1,0,0,0,6,4221,2954,414,1,V,-2043.035885
875,26,male,3,4,1,21,2,3,2,2,1,0,1,0,0,1,0,0,0,2,5248,2624,487,1,V,741.8342126
877,28,female,1,0,3,12,4,4,4,2,1,1,1,0,0,0,1,0,0,3,3617,3255,535,1,V,-758.1086839
881,55,male,1,0,1,42,1,2,0,3,1,0,1,0,1,0,1,0,0,2,9283,8354,2423,1,V,-1397.217262
886,29,male,0,0,1,15,2,2,2,2,1,0,3,0,0,1,1,0,0,1,3959,2771,-1073,0,V,-420.7717521
888,27,female,0,0,1,9,2,2,1,3,1,0,3,0,0,0,1,0,0,1,1422,995,-316,0,V,-611.3073618
890,33,female,3,4,1,15,2,4,3,1,1,1,1,0,1,0,0,0,1,3,2186,1530,374,1,V,904.2253633
892,33,male,0,1,1,24,2,1,0,2,1,0,1,0,0,1,0,0,0,3,2359,2123,-1023,0,V,-265.9797411
893,58,female,3,4,1,30,2,4,4,2,1,0,4,0,0,1,1,0,0,4,1867,1120,242,1,V,348.6299659
896,45,female,0,0,1,28,2,2,2,1,1,0,3,0,0,1,0,0,0,1,4006,2804,-1282,0,V,-697.2457631
897,29,female,3,4,1,42,2,4,3,2,1,1,2,0,0,0,1,0,0,4,7166,5016,1013,1,V,270.6894976
899,29,male,0,0,1,24,2,2,0,3,1,0,4,0,0,0,1,0,0,2,6579,3947,794,1,V,-434.4462155
903,63,male,0,0,2,60,3,4,4,2,1,0,3,0,0,1,1,0,0,6,6836,3418,-2339,0,V,-1539.640365
908,22,male,1,0,1,30,2,1,1,2,1,0,2,0,0,1,0,0,0,3,3832,3448,857,1,V,-797.3224263
914,44,male,2,0,1,12,2,2,2,1,1,1,2,0,0,0,1,0,0,4,1881,1128,264,1,V,197.1644928
915,46,male,3,3,2,18,4,4,4,2,1,0,4,0,0,1,0,0,0,4,1582,1582,344,1,V,356.2283886
926,57,female,3,1,3,11,4,4,0,1,1,0,4,0,0,1,0,0,1,4,1154,1154,219,1,V,405.0858056
927,25,female,3,4,2,24,2,2,4,2,1,0,4,0,0,1,0,0,0,4,999,999,197,1,V,265.4065814
933,28,female,1,0,1,6,2,4,4,2,2,0,4,0,0,1,0,0,0,4,1068,640,152,1,V,-81.0773359
934,31,female,1,0,1,10,2,2,2,1,1,0,4,0,0,1,0,0,0,3,1521,912,207,1,V,-264.9891369
944,26,female,2,0,1,12,1,1,1,0,1,0,4,0,0,1,0,0,1,6,609,548,-349,0,V,-559.650391
945,61,female,1,3,2,15,3,3,2,2,1,0,3,0,1,1,0,0,0,0,1512,907,-338,0,V,162.6809861
949,26,male,3,0,1,6,2,3,2,2,1,1,2,1,0,0,0,0,0,1,3518,3518,1046,1,V,-182.9921087
953,41,male,0,0,1,6,2,4,1,1,2,0,3,0,0,1,1,0,1,1,662,595,182,1,V,-138.3601664
963,64,female,3,4,1,9,2,4,4,1,1,0,1,0,0,1,0,0,1,5,3832,1916,323,1,V,731.2186566
967,47,male,2,0,1,30,4,4,4,2,1,0,4,0,0,1,0,0,0,4,3017,1810,323,1,V,207.7234729
969,31,female,0,3,1,12,2,3,2,2,2,0,1,0,0,1,0,0,0,1,3651,3285,882,1,V,-55.86297966
970,40,female,2,0,1,15,2,4,4,3,1,1,4,0,0,0,1,0,0,5,1905,1143,208,1,V,-168.4872052
971,37,male,1,0,1,9,2,2,2,1,2,0,2,0,0,1,0,0,1,4,2118,2118,630,1,V,92.94779905
979,27,male,0,0,1,40,4,3,2,2,1,0,4,0,1,1,1,0,0,5,5998,4198,-3572,0,V,-681.6425713
986,26,female,3,1,1,9,2,2,2,2,2,1,1,1,0,0,0,1,1,1,3577,2146,481,1,V,209.1595233
989,40,female,3,4,2,28,1,4,1,2,2,1,3,1,1,0,1,0,1,2,7824,7041,1536,1,V,-195.3110802
991,33,male,1,4,1,9,2,2,2,1,1,0,1,0,0,1,0,0,1,1,3195,2556,679,1,V,342.1091135
996,30,female,1,1,1,24,2,4,4,2,1,0,4,0,0,0,0,0,0,3,3069,1841,322,1,V,-555.7542248
997,40,female,0,0,2,11,4,2,2,1,2,0,1,0,0,1,0,0,1,1,3939,2363,324,1,V,-126.4839631
999,48,male,1,0,2,24,4,2,4,1,1,0,4,0,0,1,0,0,0,4,1743,1394,202,1,V,-452.6638007
1000,27,male,1,1,1,45,4,4,0,2,1,0,3,0,0,1,0,0,0,2,4576,4118,1200,1,V,-312.5559
